result_no	generate_no	battle_no	story_id	page_no	party_num	enemy_num	battle_result	
4	0	8242	1	4	5	5	1
4	0	8243	2	1	5	5	-1
4	0	8244	1	8	5	5	1
4	0	8245	1	1	1	1	-1
4	0	8246	1	8	5	5	1
4	0	8247	1	4	3	3	1
4	0	8248	1	3	5	5	1
4	0	8249	1	8	5	5	1
4	0	8250	1	6	5	5	1
4	0	8251	1	5	2	6	-1
4	0	8252	1	1	1	1	-1
4	0	8253	1	7	5	5	1
4	0	8254	1	7	5	5	1
4	0	8255	1	6	5	5	1
4	0	8256	2	1	5	5	-1
4	0	8257	1	6	5	5	1
4	0	8258	1	1	1	1	-1
4	0	8259	1	6	4	4	1
4	0	8260	1	9	5	5	1
4	0	8261	2	1	1	1	-1
4	0	8262	1	3	5	5	1
4	0	8263	1	1	1	1	0
4	0	8264	1	5	1	6	-1
4	0	8265	1	1	1	1	-1
4	0	8266	1	6	5	5	1
4	0	8267	1	1	1	1	-1
4	0	8268	1	5	5	6	1
4	0	8269	1	5	5	6	1
4	0	8270	1	6	5	5	1
4	0	8271	1	7	5	5	1
4	0	8272	1	4	5	5	1
4	0	8273	1	1	1	1	1
4	0	8274	1	7	5	5	1
4	0	8275	1	6	5	5	1
4	0	8276	1	1	1	1	-1
4	0	8277	1	7	5	5	1
4	0	8278	1	1	1	1	-1
4	0	8279	2	1	1	1	-1
4	0	8280	1	6	5	5	1
4	0	8281	1	1	1	1	-1
4	0	8282	2	1	1	1	-1
4	0	8283	1	1	1	1	-1
4	0	8284	1	9	5	5	1
4	0	8285	1	1	1	1	-1
4	0	8286	1	7	5	5	1
4	0	8287	1	1	1	1	-1
4	0	8288	1	1	1	1	1
4	0	8289	1	2	1	1	1
4	0	8290	1	8	5	5	1
4	0	8291	1	5	5	6	1
4	0	8292	1	3	1	1	0
4	0	8293	1	7	5	5	1
4	0	8294	1	8	5	5	1
4	0	8295	1	3	1	1	-1
4	0	8296	1	3	1	1	1
4	0	8297	1	6	5	5	1
4	0	8298	1	3	1	1	0
4	0	8299	1	6	5	5	1
4	0	8300	1	4	1	1	1
4	0	8301	1	1	4	4	1
4	0	8302	1	7	5	5	1
4	0	8303	1	5	5	6	1
4	0	8304	1	7	5	5	1
4	0	8305	1	6	5	5	1
4	0	8306	1	2	4	4	1
4	0	8307	1	6	5	5	1
4	0	8308	1	6	5	5	1
4	0	8309	1	3	4	4	1
4	0	8310	1	8	5	5	1
4	0	8311	1	1	4	4	-1
4	0	8312	1	4	4	4	1
4	0	8313	2	3	3	3	-1
4	0	8314	1	7	5	5	1
4	0	8315	1	7	5	5	1
4	0	8316	1	2	1	1	1
4	0	8317	1	5	1	6	-1
4	0	8318	1	1	2	2	-1
4	0	8319	1	1	2	2	-1
4	0	8320	1	3	1	1	-1
4	0	8321	1	5	5	6	1
4	0	8322	1	5	5	6	1
4	0	8323	1	5	5	6	1
4	0	8324	1	3	1	1	1
4	0	8325	1	4	1	1	1
4	0	8326	1	5	1	6	-1
4	0	8327	1	5	5	6	1
4	0	8328	1	6	5	5	1
4	0	8329	1	6	5	5	1
4	0	8330	1	8	5	5	1
4	0	8331	1	6	5	5	1
4	0	8332	1	7	5	5	1
4	0	8333	1	5	5	6	1
4	0	8334	1	6	4	4	1
4	0	8335	2	1	1	1	-1
4	0	8336	1	7	5	5	1
4	0	8337	1	7	5	5	1
4	0	8338	1	5	5	6	1
4	0	8339	1	4	5	5	1
4	0	8340	1	7	4	4	1
4	0	8341	1	7	5	5	1
4	0	8342	1	6	5	5	1
4	0	8343	2	1	1	1	-1
4	0	8344	1	1	3	3	-1
4	0	8345	1	8	4	4	1
4	0	8346	1	1	2	2	-1
4	0	8347	1	1	3	3	-1
4	0	8348	1	8	5	5	1
4	0	8349	1	1	3	3	-1
4	0	8350	1	5	5	6	1
4	0	8351	1	1	3	3	-1
4	0	8352	1	9	4	4	1
4	0	8353	1	1	3	3	-1
4	0	8354	1	5	5	6	1
4	0	8355	1	1	3	3	1
4	0	8356	2	1	3	3	-1
4	0	8357	1	7	5	5	1
4	0	8358	1	9	5	5	1
4	0	8359	1	7	5	5	1
4	0	8360	1	7	5	5	1
4	0	8361	1	6	5	5	1
4	0	8362	1	4	5	5	1
4	0	8363	1	8	5	5	1
4	0	8364	1	7	5	5	1
4	0	8365	1	7	5	5	1
4	0	8366	1	2	1	1	1
4	0	8367	1	1	5	5	1
4	0	8368	1	5	3	6	1
4	0	8369	1	4	5	5	1
4	0	8370	1	9	5	5	1
4	0	8371	1	6	5	5	1
4	0	8372	1	8	5	5	1
4	0	8373	1	7	5	5	1
4	0	8374	2	1	2	2	-1
4	0	8375	1	5	5	6	-1
4	0	8376	1	7	5	5	1
4	0	8377	1	9	5	5	1
4	0	8378	1	6	5	5	1
4	0	8379	1	3	5	5	1
4	0	8380	1	4	5	5	1
4	0	8381	1	5	5	6	1
4	0	8382	1	8	5	5	1
4	0	8383	1	5	5	6	1
4	0	8384	1	7	5	5	1
4	0	8385	1	7	5	5	1
4	0	8386	1	7	5	5	1
4	0	8387	1	1	4	4	-1
4	0	8388	1	8	5	5	1
4	0	8389	1	6	5	5	1
4	0	8390	1	7	5	5	1
4	0	8391	1	6	5	5	1
4	0	8392	1	5	5	6	1
4	0	8393	1	9	5	5	1
4	0	8394	1	8	5	5	1
4	0	8395	1	7	5	5	1
4	0	8396	1	8	5	5	1
4	0	8397	1	1	1	1	0
4	0	8398	1	1	1	1	-1
4	0	8399	1	6	5	5	1
4	0	8400	1	1	1	1	1
4	0	8401	1	7	5	5	1
4	0	8402	1	6	5	5	1
4	0	8403	1	8	5	5	1
4	0	8404	1	9	5	5	1
4	0	8405	1	2	1	1	1
4	0	8406	1	8	5	5	1
4	0	8407	1	6	5	5	1
4	0	8408	1	4	5	5	1
4	0	8409	1	5	5	6	1
4	0	8410	1	6	5	5	1
4	0	8411	1	2	1	1	1
4	0	8412	1	5	5	6	1
4	0	8413	1	3	1	1	0
4	0	8414	1	8	5	5	1
4	0	8415	1	7	5	5	1
4	0	8416	1	3	1	1	1
4	0	8417	1	4	1	1	1
4	0	8418	1	5	1	6	-1
4	0	8419	1	6	5	5	1
4	0	8420	1	7	5	5	1
4	0	8421	1	5	5	6	1
4	0	8422	1	7	5	5	-1
4	0	8423	1	6	5	5	1
4	0	8424	2	1	1	1	1
4	0	8425	1	3	1	1	1
4	0	8426	2	2	1	1	-1
4	0	8427	1	6	5	5	1
4	0	8428	1	7	5	5	1
4	0	8429	1	6	5	5	1
4	0	8430	1	1	1	1	-1
4	0	8431	1	1	2	2	-1
4	0	8432	1	4	5	5	1
4	0	8433	1	7	1	1	-1
4	0	8434	1	7	5	5	1
4	0	8435	1	4	1	1	0
4	0	8436	1	1	2	2	-1
4	0	8437	1	1	1	1	-1
4	0	8438	1	4	5	5	1
4	0	8439	2	1	1	1	-1
4	0	8440	1	1	2	2	-1
4	0	8441	1	1	2	2	0
4	0	8442	1	5	5	6	1
4	0	8443	1	1	2	2	-1
4	0	8444	1	1	1	1	-1
4	0	8445	1	1	5	5	1
4	0	8446	1	1	2	2	1
4	0	8447	1	2	2	2	1
4	0	8448	1	3	2	2	1
4	0	8449	1	1	1	1	-1
4	0	8450	1	6	5	5	1
4	0	8451	1	6	5	5	1
4	0	8452	1	1	3	3	-1
4	0	8453	1	6	5	5	1
4	0	8454	1	4	1	1	1
4	0	8455	1	1	1	1	1
4	0	8456	1	2	1	1	1
4	0	8457	1	3	1	1	1
4	0	8458	1	4	1	1	-1
4	0	8459	1	9	5	5	1
4	0	8460	1	6	5	5	1
4	0	8461	1	4	2	2	1
4	0	8462	1	4	1	1	1
4	0	8463	1	7	5	5	1
4	0	8464	1	5	1	6	-1
4	0	8465	1	5	2	6	-1
4	0	8466	1	5	5	6	1
4	0	8467	1	5	1	6	-1
4	0	8468	1	8	5	5	1
4	0	8469	1	2	5	5	1
4	0	8470	1	7	5	5	1
4	0	8471	1	2	1	1	1
4	0	8472	1	3	1	1	-1
4	0	8473	1	1	3	3	-1
4	0	8474	1	5	5	6	1
4	0	8475	1	6	5	5	1
4	0	8476	1	4	5	5	1
4	0	8477	1	5	5	6	1
4	0	8478	1	5	5	6	1
4	0	8479	1	3	5	5	1
4	0	8480	1	5	5	6	1
4	0	8481	1	8	5	5	1
4	0	8482	1	5	5	6	1
4	0	8483	1	4	5	5	1
4	0	8484	2	2	5	5	1
4	0	8485	1	2	1	1	1
4	0	8486	1	5	5	6	1
4	0	8487	1	8	5	5	1
4	0	8488	1	1	5	5	1
4	0	8489	1	1	1	1	-1
4	0	8490	1	1	3	3	-1
4	0	8491	1	4	5	5	1
4	0	8492	1	8	5	5	1
4	0	8493	1	5	5	6	-1
4	0	8494	1	6	5	5	1
4	0	8495	1	5	5	6	1
4	0	8496	1	8	5	5	1
4	0	8497	1	9	5	5	1
4	0	8498	1	5	5	6	1
4	0	8499	1	6	5	5	1
4	0	8500	1	8	5	5	1
4	0	8501	1	6	5	5	1
4	0	8502	1	5	4	6	1
4	0	8503	1	5	5	6	1
4	0	8504	1	4	3	3	1
4	0	8505	1	8	5	5	1
4	0	8506	2	1	1	1	-1
4	0	8507	1	6	5	5	1
4	0	8508	1	3	1	1	1
4	0	8509	2	2	5	5	1
4	0	8510	1	8	5	5	1
4	0	8511	1	8	5	5	1
4	0	8512	1	5	1	6	-1
4	0	8513	1	5	5	6	1
4	0	8514	1	4	1	1	1
4	0	8515	2	1	3	3	-1
4	0	8516	2	1	1	1	1
4	0	8517	2	2	1	1	-1
4	0	8518	1	5	1	6	-1
4	0	8519	1	4	5	5	1
4	0	8520	1	5	5	6	-1
4	0	8521	1	7	5	5	1
4	0	8522	1	9	5	5	1
4	0	8523	1	8	5	5	1
4	0	8524	1	9	5	5	1
4	0	8525	1	7	5	5	1
4	0	8526	1	6	5	5	1
4	0	8527	1	7	5	5	1
4	0	8528	1	1	2	2	-1
4	0	8529	1	10	5	4	1
4	0	8530	1	7	5	5	1
4	0	8531	1	6	5	5	1
4	0	8532	1	1	2	2	1
4	0	8533	1	7	5	5	1
4	0	8534	1	5	5	6	1
4	0	8535	1	2	2	2	0
4	0	8536	1	3	2	2	1
4	0	8537	1	6	5	5	1
4	0	8538	1	1	3	3	1
4	0	8539	1	6	4	4	1
4	0	8540	1	2	2	2	1
4	0	8541	1	4	1	1	-1
4	0	8542	1	4	5	5	1
4	0	8543	1	3	2	2	1
4	0	8544	1	6	1	1	1
4	0	8545	1	1	1	2	-1
4	0	8546	1	4	2	2	1
4	0	8547	1	1	1	2	-1
4	0	8548	1	5	1	6	-1
4	0	8549	1	5	3	6	-1
4	0	8550	1	6	5	5	1
4	0	8551	1	3	5	5	1
4	0	8552	1	1	2	2	-1
4	0	8553	1	1	2	2	1
4	0	8554	1	5	2	6	-1
4	0	8555	2	1	1	1	-1
4	0	8556	1	5	5	6	1
4	0	8557	1	2	5	5	1
4	0	8558	1	3	1	1	1
4	0	8559	1	2	3	3	1
4	0	8560	1	5	2	6	-1
4	0	8561	1	2	5	5	-1
4	0	8562	2	1	1	1	1
4	0	8563	1	5	2	6	-1
4	0	8564	1	3	5	5	1
4	0	8565	1	7	5	5	1
4	0	8566	1	3	3	3	1
4	0	8567	1	8	5	5	1
4	0	8568	1	7	5	5	1
4	0	8569	1	8	5	5	1
4	0	8570	1	9	5	5	1
4	0	8571	2	1	4	4	-1
4	0	8572	1	7	5	5	1
4	0	8573	1	1	3	3	1
4	0	8574	1	8	5	5	1
4	0	8575	1	5	5	6	-1
4	0	8576	1	5	5	6	1
4	0	8577	1	9	5	5	1
4	0	8578	1	2	5	5	1
4	0	8579	1	5	5	6	1
4	0	8580	1	6	4	4	1
4	0	8581	1	9	5	5	1
4	0	8582	1	5	5	6	1
4	0	8583	1	5	5	6	1
4	0	8584	1	5	4	6	1
4	0	8585	1	9	5	5	1
4	0	8586	1	5	5	6	1
4	0	8587	1	6	5	5	1
4	0	8588	1	9	5	5	1
4	0	8589	1	7	5	5	1
4	0	8590	1	7	5	5	1
4	0	8591	1	9	5	5	1
4	0	8592	1	9	5	5	1
4	0	8593	1	2	5	5	1
4	0	8594	1	7	5	5	1
4	0	8595	1	8	5	5	1
4	0	8596	1	8	1	1	1
4	0	8597	1	3	5	5	1
4	0	8598	1	7	5	5	1
4	0	8599	1	4	5	5	1
4	0	8600	1	2	5	5	1
4	0	8601	1	5	4	6	1
4	0	8602	1	5	3	6	1
4	0	8603	1	7	5	5	1
4	0	8604	1	7	5	5	1
4	0	8605	1	1	1	1	-1
4	0	8606	1	1	2	2	-1
4	0	8607	1	6	3	3	1
4	0	8608	1	7	5	5	1
4	0	8609	1	3	5	5	1
4	0	8610	1	1	1	1	0
4	0	8611	1	9	5	5	1
4	0	8612	1	1	1	1	1
4	0	8613	1	2	1	1	1
4	0	8614	1	7	5	5	1
4	0	8615	1	3	1	1	-1
4	0	8616	1	3	1	1	1
4	0	8617	1	4	1	1	0
4	0	8618	1	4	1	1	-1
4	0	8619	1	4	1	1	1
4	0	8620	1	7	5	5	1
4	0	8621	1	5	1	6	-1
4	0	8622	1	3	3	3	1
4	0	8623	1	6	4	4	1
4	0	8624	1	4	5	5	1
4	0	8625	1	1	2	2	-1
4	0	8626	1	3	2	2	1
4	0	8627	1	4	5	5	1
4	0	8628	1	7	5	5	1
4	0	8629	1	1	2	2	-1
4	0	8630	1	5	5	6	1
4	0	8631	1	1	2	2	-1
4	0	8632	1	7	5	5	1
4	0	8633	1	1	2	2	0
4	0	8634	1	5	5	6	1
4	0	8635	1	1	2	2	1
4	0	8636	1	6	5	5	1
4	0	8637	1	7	5	5	1
4	0	8638	1	4	5	5	1
4	0	8639	1	5	5	6	-1
4	0	8640	1	1	2	2	1
4	0	8641	2	3	1	1	-1
4	0	8642	1	8	5	5	1
4	0	8643	1	4	2	2	1
4	0	8644	1	4	5	5	1
4	0	8645	1	5	5	6	1
4	0	8646	1	2	2	2	1
4	0	8647	1	6	4	4	1
4	0	8648	1	3	4	4	1
4	0	8649	1	2	2	2	1
4	0	8650	1	5	4	6	1
4	0	8651	1	5	5	6	1
4	0	8652	1	7	5	5	1
4	0	8653	1	3	2	2	1
4	0	8654	1	3	2	2	1
4	0	8655	1	5	4	6	1
4	0	8656	1	6	4	4	1
4	0	8657	1	5	5	6	1
4	0	8658	1	1	1	1	-1
4	0	8659	1	4	2	2	1
4	0	8660	1	8	5	5	1
4	0	8661	1	1	1	1	1
4	0	8662	1	6	4	4	1
4	0	8663	1	8	5	5	1
4	0	8664	1	4	2	2	1
4	0	8665	1	5	5	6	1
4	0	8666	1	2	1	1	1
4	0	8667	1	3	1	1	1
4	0	8668	1	6	5	5	1
4	0	8669	1	6	5	5	1
4	0	8670	1	7	5	5	1
4	0	8671	2	1	2	2	-1
4	0	8672	1	7	5	5	1
4	0	8673	2	1	2	2	-1
4	0	8674	1	5	5	6	1
4	0	8675	1	8	5	5	1
4	0	8676	1	8	5	5	1
4	0	8677	1	5	2	6	-1
4	0	8678	1	8	5	5	1
4	0	8679	1	6	5	5	1
4	0	8680	1	6	5	5	1
4	0	8681	1	5	2	6	-1
4	0	8682	1	5	2	6	-1
4	0	8683	1	4	4	4	1
4	0	8684	1	6	4	4	1
4	0	8685	1	4	1	1	-1
4	0	8686	2	1	5	5	-1
4	0	8687	1	5	2	6	-1
4	0	8688	1	4	2	2	1
4	0	8689	1	4	1	1	1
4	0	8690	1	5	2	6	-1
4	0	8691	1	7	5	5	1
4	0	8692	1	5	5	6	1
4	0	8693	1	1	4	4	1
4	0	8694	1	5	2	6	-1
4	0	8695	1	4	3	3	1
4	0	8696	1	5	5	6	1
4	0	8697	1	2	4	4	1
4	0	8698	1	7	5	5	1
4	0	8699	1	5	3	6	-1
4	0	8700	1	5	1	6	-1
4	0	8701	1	5	5	6	1
4	0	8702	1	4	5	5	1
4	0	8703	1	7	5	5	1
4	0	8704	2	1	1	1	-1
4	0	8705	1	5	4	6	1
4	0	8706	1	9	5	5	1
4	0	8707	2	1	1	1	1
4	0	8708	1	3	4	4	1
4	0	8709	1	9	5	5	1
4	0	8710	1	4	4	4	1
4	0	8711	1	7	5	5	1
4	0	8712	2	2	1	1	1
4	0	8713	1	4	5	5	1
4	0	8714	1	8	5	5	1
4	0	8715	1	6	5	5	1
4	0	8716	1	6	5	5	1
4	0	8717	1	6	5	5	1
4	0	8718	1	4	4	4	1
4	0	8719	1	6	5	5	1
4	0	8720	1	6	5	5	1
4	0	8721	1	3	5	5	1
4	0	8722	1	7	5	5	1
4	0	8723	1	6	5	5	1
4	0	8724	1	1	2	2	-1
4	0	8725	1	5	4	6	-1
4	0	8726	1	7	5	5	1
4	0	8727	1	3	2	2	1
4	0	8728	1	7	5	5	1
4	0	8729	1	1	1	1	-1
4	0	8730	1	5	4	6	-1
4	0	8731	1	7	5	5	1
4	0	8732	1	1	3	3	-1
4	0	8733	1	5	4	6	-1
4	0	8734	1	7	5	5	1
4	0	8735	1	8	5	5	1
4	0	8736	1	7	5	5	1
4	0	8737	1	5	5	6	1
4	0	8738	1	4	1	1	1
4	0	8739	1	6	5	5	1
4	0	8740	1	1	3	3	1
4	0	8741	1	8	5	5	1
4	0	8742	1	6	5	5	1
4	0	8743	1	8	5	5	1
4	0	8744	1	6	5	5	1
4	0	8745	1	6	5	5	1
4	0	8746	1	8	5	5	1
4	0	8747	1	1	1	1	1
4	0	8748	1	7	5	5	1
4	0	8749	1	2	3	3	1
4	0	8750	1	8	5	5	1
4	0	8751	1	2	1	1	1
4	0	8752	1	3	1	1	-1
4	0	8753	1	3	3	3	1
4	0	8754	1	3	1	1	1
4	0	8755	1	7	5	5	1
4	0	8756	2	1	1	1	1
4	0	8757	1	1	2	2	1
4	0	8758	1	4	1	1	1
4	0	8759	1	4	4	4	1
4	0	8760	2	1	1	1	1
4	0	8761	2	1	5	5	-1
4	0	8762	1	8	5	5	1
4	0	8763	2	2	1	1	-1
4	0	8764	2	2	4	4	1
4	0	8765	2	3	4	4	1
4	0	8766	2	2	1	1	-1
4	0	8767	1	1	4	4	1
4	0	8768	2	1	3	3	1
4	0	8769	1	5	5	6	1
4	0	8770	1	5	4	6	1
4	0	8771	1	6	4	4	1
4	0	8772	1	2	1	1	1
4	0	8773	1	6	4	4	1
4	0	8774	1	5	5	6	1
4	0	8775	1	1	4	4	1
4	0	8776	1	6	5	5	1
4	0	8777	1	7	5	5	1
4	0	8778	1	4	5	5	1
4	0	8779	2	1	1	1	-1
4	0	8780	1	8	5	5	1
4	0	8781	1	8	5	5	1
4	0	8782	2	1	1	1	-1
4	0	8783	1	7	5	5	1
4	0	8784	1	1	1	1	-1
4	0	8785	1	1	1	1	-1
4	0	8786	1	1	1	1	-1
4	0	8787	1	9	5	5	-1
4	0	8788	1	2	3	3	1
4	0	8789	1	5	5	6	1
4	0	8790	1	1	1	1	-1
4	0	8791	1	5	5	6	1
4	0	8792	1	3	1	1	1
4	0	8793	1	1	1	1	0
4	0	8794	1	5	5	6	1
4	0	8795	1	1	1	1	1
4	0	8796	1	1	1	1	-1
4	0	8797	1	3	3	3	1
4	0	8798	1	1	1	1	1
4	0	8799	1	7	5	5	1
4	0	8800	1	1	1	1	-1
4	0	8801	1	1	1	1	-1
4	0	8802	1	1	1	1	1
4	0	8803	1	2	1	1	1
4	0	8804	1	3	1	1	1
4	0	8805	1	4	1	1	0
4	0	8806	1	4	1	1	1
4	0	8807	1	5	1	6	-1
4	0	8808	1	5	1	6	-1
4	0	8809	1	5	1	6	-1
4	0	8810	1	7	5	5	1
4	0	8811	1	2	1	1	1
4	0	8812	1	3	3	3	1
4	0	8813	1	3	2	2	1
4	0	8814	1	7	5	5	1
4	0	8815	1	7	5	5	1
4	0	8816	1	3	1	1	1
4	0	8817	1	6	5	5	1
4	0	8818	1	6	5	5	1
4	0	8819	1	4	1	1	1
4	0	8820	1	1	1	1	-1
4	0	8821	1	1	3	3	1
4	0	8822	1	6	5	5	1
4	0	8823	2	1	1	1	1
4	0	8824	1	7	5	5	1
4	0	8825	1	9	5	5	1
4	0	8826	1	7	5	5	1
4	0	8827	2	2	1	1	1
4	0	8828	1	5	3	6	1
4	0	8829	1	6	5	5	1
4	0	8830	1	7	5	5	1
4	0	8831	1	4	5	5	1
4	0	8832	2	3	1	1	1
4	0	8833	2	1	5	5	1
4	0	8834	1	8	5	5	1
4	0	8835	1	8	5	5	1
4	0	8836	1	5	5	6	1
4	0	8837	1	7	5	5	1
4	0	8838	1	6	5	5	1
4	0	8839	1	5	5	6	1
4	0	8840	1	8	5	5	1
4	0	8841	1	3	5	5	1
4	0	8842	2	1	5	5	-1
4	0	8843	2	4	1	1	1
4	0	8844	1	9	5	5	1
4	0	8845	1	7	5	5	1
4	0	8846	2	5	1	6	-1
4	0	8847	1	7	5	5	1
4	0	8848	1	8	5	5	1
4	0	8849	1	4	5	5	1
4	0	8850	1	7	5	5	1
4	0	8851	1	5	5	6	1
4	0	8852	1	1	5	5	1
4	0	8853	1	1	1	1	1
4	0	8854	1	6	5	5	1
4	0	8855	1	2	1	1	1
4	0	8856	1	2	5	5	-1
4	0	8857	1	1	1	1	-1
4	0	8858	1	8	5	5	1
4	0	8859	1	1	1	1	-1
4	0	8860	1	3	1	1	0
4	0	8861	1	8	5	5	1
4	0	8862	1	3	1	1	1
4	0	8863	1	7	5	5	1
4	0	8864	2	1	5	5	-1
4	0	8865	1	1	5	5	-1
4	0	8866	1	8	5	5	1
4	0	8867	1	4	1	1	1
4	0	8868	1	9	5	5	1
4	0	8869	1	8	5	5	1
4	0	8870	1	7	5	5	1
4	0	8871	1	5	1	6	-1
4	0	8872	1	5	4	6	1
4	0	8873	2	1	5	5	-1
4	0	8874	1	2	5	5	1
4	0	8875	1	7	5	5	1
4	0	8876	2	1	1	1	1
4	0	8877	1	1	4	4	1
4	0	8878	1	3	1	1	1
4	0	8879	1	7	5	5	1
4	0	8880	2	2	1	1	1
4	0	8881	1	6	5	5	1
4	0	8882	1	3	1	1	1
4	0	8883	1	4	5	5	1
4	0	8884	1	2	5	5	1
4	0	8885	1	8	5	5	1
4	0	8886	1	1	2	2	1
4	0	8887	1	5	5	6	1
4	0	8888	2	3	1	1	1
4	0	8889	1	8	4	4	1
4	0	8890	1	2	5	5	-1
4	0	8891	2	4	1	1	-1
4	0	8892	1	8	5	5	1
4	0	8893	1	5	5	6	1
4	0	8894	1	5	5	6	1
4	0	8895	1	5	5	6	1
4	0	8896	1	3	5	5	1
4	0	8897	1	8	5	5	1
4	0	8898	1	2	5	5	-1
4	0	8899	1	8	5	5	1
4	0	8900	1	4	5	5	1
4	0	8901	1	6	5	5	1
4	0	8902	1	6	5	5	1
4	0	8903	1	5	3	6	1
4	0	8904	1	7	5	5	1
4	0	8905	1	6	5	5	1
4	0	8906	1	6	5	5	1
4	0	8907	1	5	5	6	1
4	0	8908	1	6	5	5	1
4	0	8909	1	4	4	4	1
4	0	8910	1	5	5	6	1
4	0	8911	1	6	5	5	1
4	0	8912	1	5	4	6	1
4	0	8913	1	6	3	3	1
4	0	8914	1	9	5	5	1
4	0	8915	1	7	5	5	1
4	0	8916	1	6	5	5	1
4	0	8917	1	7	5	5	1
4	0	8918	1	2	5	5	1
4	0	8919	1	7	5	5	1
4	0	8920	2	1	5	5	-1
4	0	8921	1	6	5	5	1
4	0	8922	1	5	1	6	-1
4	0	8923	1	8	5	5	1
4	0	8924	1	9	5	5	1
4	0	8925	1	3	2	2	1
4	0	8926	1	8	5	5	1
4	0	8927	1	6	5	5	1
4	0	8928	1	7	5	5	1
4	0	8929	1	8	5	5	1
4	0	8930	1	4	5	5	1
4	0	8931	1	4	2	2	1
4	0	8932	1	2	5	5	1
4	0	8933	1	3	5	5	1
4	0	8934	1	7	5	5	1
4	0	8935	1	1	2	2	0
4	0	8936	1	4	5	5	1
4	0	8937	1	1	1	1	-1
4	0	8938	2	1	5	5	0
4	0	8939	1	3	5	5	1
4	0	8940	2	1	5	5	1
4	0	8941	1	9	5	5	1
4	0	8942	2	1	2	2	-1
4	0	8943	1	6	5	5	1
4	0	8944	1	1	1	1	-1
4	0	8945	1	9	5	5	1
4	0	8946	1	6	5	5	1
4	0	8947	1	1	5	5	-1
4	0	8948	1	2	5	5	1
4	0	8949	1	6	2	2	1
4	0	8950	1	7	5	5	1
4	0	8951	1	5	1	6	-1
4	0	8952	1	1	1	1	-1
4	0	8953	1	1	1	1	-1
4	0	8954	1	5	5	6	1
4	0	8955	1	1	1	1	1
4	0	8956	1	5	5	6	1
4	0	8957	1	5	5	6	1
4	0	8958	1	4	5	5	1
4	0	8959	1	5	4	6	1
4	0	8960	1	2	1	1	0
4	0	8961	1	1	5	5	-1
4	0	8962	2	1	1	1	-1
4	0	8963	1	1	5	5	1
4	0	8964	1	7	5	5	1
4	0	8965	1	9	5	5	1
4	0	8966	1	2	1	1	1
4	0	8967	1	2	3	3	1
4	0	8968	1	3	1	1	1
4	0	8969	2	1	5	5	-1
4	0	8970	1	4	1	1	1
4	0	8971	1	6	5	5	1
4	0	8972	1	6	5	5	1
4	0	8973	1	6	5	5	1
4	0	8974	1	5	5	6	1
4	0	8975	1	1	2	2	1
4	0	8976	1	7	5	5	1
4	0	8977	1	6	5	5	1
4	0	8978	1	5	5	6	1
4	0	8979	1	6	1	1	1
4	0	8980	1	2	2	2	-1
4	0	8981	1	3	3	3	1
4	0	8982	1	8	5	5	1
4	0	8983	1	6	5	5	1
4	0	8984	1	7	5	5	1
4	0	8985	1	2	3	3	1
4	0	8986	1	2	2	2	1
4	0	8987	2	1	2	2	-1
4	0	8988	1	3	2	2	-1
4	0	8989	1	7	5	5	1
4	0	8990	1	4	5	5	1
4	0	8991	1	8	5	5	1
4	0	8992	1	7	5	5	1
4	0	8993	1	1	1	1	-1
4	0	8994	1	6	5	5	1
4	0	8995	1	6	5	5	1
4	0	8996	1	1	1	1	-1
4	0	8997	1	9	5	5	1
4	0	8998	1	2	4	4	1
4	0	8999	1	7	5	5	1
4	0	9000	1	7	5	5	1
4	0	9001	1	6	5	5	1
4	0	9002	1	7	5	5	1
4	0	9003	1	6	5	5	1
4	0	9004	1	5	5	6	1
4	0	9005	1	7	5	5	1
4	0	9006	1	5	5	6	1
4	0	9007	1	5	5	6	1
4	0	9008	1	7	5	5	1
4	0	9009	1	8	5	5	1
4	0	9010	1	9	5	5	1
4	0	9011	1	7	5	5	1
4	0	9012	1	7	5	5	1
4	0	9013	1	5	5	6	1
4	0	9014	1	6	5	5	1
4	0	9015	1	7	5	5	1
4	0	9016	1	7	5	5	1
4	0	9017	1	1	1	1	-1
4	0	9018	1	8	5	5	1
4	0	9019	1	5	5	6	1
4	0	9020	1	7	5	5	1
4	0	9021	1	1	1	1	1
4	0	9022	1	1	1	1	-1
4	0	9023	1	6	5	5	1
4	0	9024	1	5	5	6	1
4	0	9025	1	5	5	6	1
4	0	9026	1	4	3	3	1
4	0	9027	1	8	5	5	1
4	0	9028	1	4	3	3	1
4	0	9029	1	4	5	5	1
4	0	9030	1	3	1	1	1
4	0	9031	1	5	5	6	1
4	0	9032	1	6	5	5	1
4	0	9033	1	1	1	1	-1
4	0	9034	1	1	2	2	1
4	0	9035	2	1	5	5	1
4	0	9036	1	6	5	5	1
4	0	9037	1	10	5	4	1
4	0	9038	1	1	1	1	-1
4	0	9039	1	4	5	5	1
4	0	9040	1	5	3	6	-1
4	0	9041	1	7	5	5	1
4	0	9042	1	1	1	1	-1
4	0	9043	1	8	5	5	1
4	0	9044	1	6	5	5	1
4	0	9045	1	5	5	6	1
4	0	9046	1	5	3	6	1
4	0	9047	2	1	2	2	-1
4	0	9048	1	2	1	1	-1
4	0	9049	1	3	4	4	1
4	0	9050	1	2	1	1	-1
4	0	9051	2	1	3	3	-1
4	0	9052	1	2	1	1	1
4	0	9053	2	1	5	5	-1
4	0	9054	1	3	5	5	1
4	0	9055	1	7	5	5	1
4	0	9056	1	8	5	5	1
4	0	9057	1	4	1	1	1
4	0	9058	1	6	5	5	1
4	0	9059	2	1	1	1	-1
4	0	9060	1	2	3	3	1
4	0	9061	1	1	1	1	1
4	0	9062	1	5	4	6	-1
4	0	9063	1	7	5	5	1
4	0	9064	1	3	5	5	1
4	0	9065	1	5	2	6	-1
4	0	9066	1	5	3	6	-1
4	0	9067	1	2	1	1	1
4	0	9068	1	3	5	5	1
4	0	9069	1	5	5	6	-1
4	0	9070	1	3	1	1	1
4	0	9071	1	5	4	6	-1
4	0	9072	1	5	3	6	-1
4	0	9073	1	4	5	5	1
4	0	9074	1	1	5	5	1
4	0	9075	1	7	5	5	1
4	0	9076	1	7	5	5	1
4	0	9077	1	6	5	5	1
4	0	9078	1	4	1	1	1
4	0	9079	1	7	5	5	1
4	0	9080	1	7	5	5	1
4	0	9081	1	5	1	6	-1
4	0	9082	1	3	2	2	1
4	0	9083	1	4	2	2	1
4	0	9084	1	1	1	1	-1
4	0	9085	1	3	1	1	1
4	0	9086	1	8	5	5	1
4	0	9087	1	4	1	1	1
4	0	9088	1	5	1	6	-1
4	0	9089	1	5	4	6	-1
4	0	9090	1	5	5	6	1
4	0	9091	1	5	3	6	-1
4	0	9092	1	1	4	4	1
4	0	9093	1	1	1	1	-1
4	0	9094	1	7	5	5	1
4	0	9095	1	1	3	3	1
4	0	9096	1	5	5	6	-1
4	0	9097	1	1	1	1	-1
4	0	9098	1	5	5	6	1
4	0	9099	1	6	5	5	1
4	0	9100	1	5	5	6	1
4	0	9101	1	5	2	6	-1
4	0	9102	2	1	1	1	-1
4	0	9103	1	5	2	6	-1
4	0	9104	1	1	1	1	1
4	0	9105	1	4	5	5	1
4	0	9106	1	7	5	5	1
4	0	9107	1	2	5	5	1
4	0	9108	1	6	5	5	1
4	0	9109	1	7	5	5	1
4	0	9110	2	1	5	5	-1
4	0	9111	1	2	1	1	1
4	0	9112	1	1	5	5	1
4	0	9113	1	3	1	1	1
4	0	9114	1	8	5	5	1
4	0	9115	1	8	5	5	1
4	0	9116	1	8	5	5	1
4	0	9117	1	4	1	1	1
4	0	9118	1	2	5	5	1
4	0	9119	1	5	1	6	-1
4	0	9120	1	5	3	6	-1
4	0	9121	1	5	5	6	1
4	0	9122	1	10	5	4	1
4	0	9123	2	1	5	5	1
4	0	9124	2	1	1	1	-1
4	0	9125	1	6	5	5	1
4	0	9126	2	2	4	4	1
4	0	9127	1	7	5	5	1
4	0	9128	1	4	3	3	1
4	0	9129	2	1	5	5	0
4	0	9130	2	1	1	1	0
4	0	9131	1	5	5	6	1
4	0	9132	1	6	5	5	1
4	0	9133	1	5	3	6	-1
4	0	9134	1	5	5	6	1
4	0	9135	1	7	5	5	1
4	0	9136	1	7	5	5	1
4	0	9137	1	6	5	5	1
4	0	9138	1	3	5	5	1
4	0	9139	1	2	5	5	1
4	0	9140	1	6	5	5	1
4	0	9141	1	3	5	5	1
4	0	9142	1	4	5	5	1
4	0	9143	1	7	5	5	1
4	0	9144	1	9	5	5	1
4	0	9145	1	5	5	6	1
4	0	9146	2	3	5	5	0
4	0	9147	1	9	5	5	1
4	0	9148	1	1	3	3	1
4	0	9149	1	8	5	5	1
4	0	9150	1	6	1	1	1
4	0	9151	1	7	5	5	1
4	0	9152	1	8	5	5	1
4	0	9153	1	5	5	6	1
4	0	9154	1	3	5	5	1
4	0	9155	1	1	1	1	-1
4	0	9156	1	2	3	3	1
4	0	9157	1	7	5	5	1
4	0	9158	1	5	1	6	-1
4	0	9159	2	2	1	1	1
4	0	9160	1	6	5	5	1
4	0	9161	1	4	4	4	1
4	0	9162	1	4	5	5	1
4	0	9163	1	7	5	5	1
4	0	9164	1	6	5	5	1
4	0	9165	1	5	5	6	1
4	0	9166	1	6	5	5	1
4	0	9167	1	8	5	5	1
4	0	9168	1	2	3	3	1
4	0	9169	1	6	5	5	1
4	0	9170	1	5	5	6	1
4	0	9171	1	8	5	5	1
4	0	9172	1	1	1	1	-1
4	0	9173	1	4	5	5	1
4	0	9174	1	6	5	5	1
4	0	9175	1	5	4	6	-1
4	0	9176	1	5	5	6	-1
4	0	9177	1	4	2	2	1
4	0	9178	1	1	1	1	1
4	0	9179	1	4	5	5	1
4	0	9180	1	6	5	5	1
4	0	9181	1	3	3	3	1
4	0	9182	1	7	5	5	1
4	0	9183	1	9	5	5	1
4	0	9184	1	9	5	5	1
4	0	9185	1	7	5	5	1
4	0	9186	2	1	1	1	-1
4	0	9187	1	2	1	1	1
4	0	9188	1	8	5	5	1
4	0	9189	1	5	1	6	-1
4	0	9190	1	6	5	5	1
4	0	9191	1	6	5	5	1
4	0	9192	1	6	5	5	1
4	0	9193	1	5	5	6	1
4	0	9194	1	7	5	5	1
4	0	9195	1	1	4	4	-1
4	0	9196	1	4	3	3	1
4	0	9197	1	3	1	1	1
4	0	9198	1	5	3	6	1
4	0	9199	1	7	5	5	-1
4	0	9200	1	5	4	6	-1
4	0	9201	1	9	5	5	1
4	0	9202	1	7	5	5	1
4	0	9203	1	5	3	6	-1
4	0	9204	1	5	2	6	-1
4	0	9205	1	5	5	6	1
4	0	9206	2	1	4	4	-1
4	0	9207	1	2	5	5	1
4	0	9208	1	5	5	6	-1
4	0	9209	1	5	5	6	1
4	0	9210	1	8	5	5	1
4	0	9211	1	8	5	5	1
4	0	9212	1	7	5	5	1
4	0	9213	1	1	3	3	-1
4	0	9214	1	6	5	5	1
4	0	9215	1	3	4	4	-1
4	0	9216	1	4	5	5	1
4	0	9217	1	8	5	5	1
4	0	9218	1	1	4	4	1
4	0	9219	1	1	1	1	-1
4	0	9220	1	4	5	5	1
4	0	9221	1	5	5	6	1
4	0	9222	1	7	5	5	1
4	0	9223	1	4	5	5	1
4	0	9224	1	5	5	6	1
4	0	9225	1	1	5	5	1
4	0	9226	2	1	1	1	-1
4	0	9227	1	1	4	4	1
4	0	9228	1	2	5	5	1
4	0	9229	1	3	5	5	1
4	0	9230	1	1	1	1	-1
4	0	9231	1	6	4	4	1
4	0	9232	2	1	1	1	1
4	0	9233	1	4	5	5	1
4	0	9234	1	5	5	6	1
4	0	9235	2	2	1	1	1
4	0	9236	1	5	5	6	1
4	0	9237	1	1	1	1	-1
4	0	9238	1	3	4	4	-1
4	0	9239	1	6	5	5	1
4	0	9240	1	1	1	1	0
4	0	9241	1	2	4	4	1
4	0	9242	1	8	5	5	1
4	0	9243	1	6	5	5	1
4	0	9244	1	7	5	5	1
4	0	9245	1	5	5	6	1
4	0	9246	1	1	1	1	0
4	0	9247	1	5	5	6	1
4	0	9248	1	6	5	5	1
4	0	9249	1	3	4	4	1
4	0	9250	1	1	1	1	-1
4	0	9251	1	7	5	5	1
4	0	9252	1	8	5	5	1
4	0	9253	1	8	5	5	1
4	0	9254	1	9	5	5	1
4	0	9255	1	3	4	4	1
4	0	9256	1	1	1	1	-1
4	0	9257	1	10	5	4	1
4	0	9258	2	1	5	5	-1
4	0	9259	1	1	1	1	-1
4	0	9260	1	4	3	3	1
4	0	9261	1	4	4	4	1
4	0	9262	1	1	1	1	-1
4	0	9263	1	5	5	6	1
4	0	9264	1	5	4	6	1
4	0	9265	1	8	5	5	1
4	0	9266	2	1	1	1	-1
4	0	9267	1	4	4	4	1
4	0	9268	1	4	1	1	1
4	0	9269	1	10	5	4	1
4	0	9270	1	8	5	5	1
4	0	9271	2	1	4	4	-1
4	0	9272	1	5	4	6	-1
4	0	9273	1	5	4	6	1
4	0	9274	1	4	4	4	1
4	0	9275	1	1	1	1	1
4	0	9276	1	2	5	5	1
4	0	9277	1	6	4	4	1
4	0	9278	1	5	4	6	1
4	0	9279	1	6	4	4	1
4	0	9280	2	1	3	3	-1
4	0	9281	1	5	5	6	1
4	0	9282	2	1	1	1	-1
4	0	9283	2	1	5	5	1
4	0	9284	1	8	5	5	1
4	0	9285	1	7	5	5	1
4	0	9286	1	9	5	5	1
4	0	9287	1	7	4	4	1
4	0	9288	2	1	5	5	-1
4	0	9289	1	5	1	6	-1
4	0	9290	1	7	5	5	1
4	0	9291	2	1	1	1	1
4	0	9292	1	3	5	5	1
4	0	9293	1	5	5	6	1
4	0	9294	1	6	5	5	1
4	0	9295	1	8	5	5	1
4	0	9296	1	3	3	3	1
4	0	9297	1	1	1	1	0
4	0	9298	1	6	3	3	1
4	0	9299	1	8	5	5	1
4	0	9300	1	7	5	5	1
4	0	9301	1	6	5	5	1
4	0	9302	1	1	2	2	-1
4	0	9303	1	9	5	5	1
4	0	9304	1	2	5	5	1
4	0	9305	1	6	5	5	1
4	0	9306	1	3	5	5	1
4	0	9307	1	1	3	3	1
4	0	9308	1	7	5	5	1
4	0	9309	1	5	5	6	1
4	0	9310	1	2	3	3	1
4	0	9311	1	10	5	4	1
4	0	9312	1	3	3	3	1
4	0	9313	1	4	3	3	1
4	0	9314	1	6	1	1	1
4	0	9315	1	4	1	1	1
4	0	9316	1	5	3	6	-1
4	0	9317	1	6	5	5	1
4	0	9318	1	5	4	6	1
4	0	9319	1	7	4	4	1
4	0	9320	1	5	4	6	-1
4	0	9321	1	5	5	6	1
4	0	9322	1	4	5	5	1
4	0	9323	1	9	5	5	1
4	0	9324	1	3	5	5	1
4	0	9325	1	6	4	4	1
4	0	9326	1	8	4	4	1
4	0	9327	1	1	1	1	-1
4	0	9328	1	6	5	5	1
4	0	9329	1	1	1	1	1
4	0	9330	1	9	4	4	1
4	0	9331	1	5	5	6	1
4	0	9332	1	1	3	3	1
4	0	9333	2	1	1	1	-1
4	0	9334	1	7	5	5	1
4	0	9335	1	5	5	6	1
4	0	9336	1	3	5	5	1
4	0	9337	1	5	5	6	1
4	0	9338	1	6	5	5	1
4	0	9339	1	7	4	4	1
4	0	9340	1	5	5	6	1
4	0	9341	1	1	1	1	-1
4	0	9342	1	4	5	5	1
4	0	9343	1	6	5	5	1
4	0	9344	1	1	1	1	-1
4	0	9345	1	5	4	6	1
4	0	9346	1	2	1	1	0
4	0	9347	1	5	5	6	1
4	0	9348	1	1	1	1	-1
4	0	9349	1	1	1	1	-1
4	0	9350	1	1	1	1	1
4	0	9351	1	6	5	5	1
4	0	9352	1	2	1	1	1
4	0	9353	1	3	5	5	1
4	0	9354	1	1	5	5	1
4	0	9355	1	8	5	5	1
4	0	9356	1	3	1	1	1
4	0	9357	1	1	1	1	-1
4	0	9358	1	4	1	1	1
4	0	9359	1	7	4	4	1
4	0	9360	1	5	1	6	-1
4	0	9361	1	6	5	5	1
4	0	9362	1	2	1	1	1
4	0	9363	1	6	5	5	1
4	0	9364	2	1	5	5	-1
4	0	9365	1	5	5	6	1
4	0	9366	1	8	5	5	1
4	0	9367	1	4	5	5	1
4	0	9368	1	5	4	6	1
4	0	9369	1	7	5	5	1
4	0	9370	1	2	5	5	1
4	0	9371	1	6	4	4	1
4	0	9372	1	1	3	3	-1
4	0	9373	1	5	5	6	1
4	0	9374	1	7	5	5	1
4	0	9375	1	8	5	5	1
4	0	9376	1	5	5	6	1
4	0	9377	1	5	5	6	1
4	0	9378	1	7	4	4	1
4	0	9379	1	6	5	5	1
4	0	9380	1	4	5	5	1
4	0	9381	2	1	1	1	1
4	0	9382	1	3	5	5	1
4	0	9383	1	7	5	5	1
4	0	9384	1	5	5	6	1
4	0	9385	1	7	5	5	1
4	0	9386	1	1	1	1	1
4	0	9387	1	10	5	4	1
4	0	9388	1	6	5	5	1
4	0	9389	1	1	4	4	1
4	0	9390	1	5	3	6	-1
4	0	9391	1	1	2	2	1
4	0	9392	1	6	5	5	1
4	0	9393	1	4	5	5	1
4	0	9394	1	5	5	6	1
4	0	9395	1	6	5	5	1
4	0	9396	1	9	5	5	1
4	0	9397	1	5	3	6	-1
4	0	9398	1	8	5	5	1
4	0	9399	1	9	5	5	-1
4	0	9400	1	5	3	6	-1
4	0	9401	1	1	4	4	1
4	0	9402	1	2	1	1	-1
4	0	9403	1	5	5	6	1
4	0	9404	1	6	5	5	1
4	0	9405	1	2	3	3	1
4	0	9406	1	5	5	6	1
4	0	9407	1	7	5	5	1
4	0	9408	1	7	5	5	1
4	0	9409	1	6	5	5	1
4	0	9410	1	6	5	5	1
4	0	9411	1	5	5	6	1
4	0	9412	1	7	5	5	1
4	0	9413	1	6	5	5	1
4	0	9414	1	3	5	5	1
4	0	9415	1	7	5	5	1
4	0	9416	1	8	5	5	1
4	0	9417	1	5	1	6	-1
4	0	9418	1	9	5	5	1
4	0	9419	1	3	5	5	1
4	0	9420	2	2	2	2	1
4	0	9421	2	1	5	5	-1
4	0	9422	1	7	5	5	1
4	0	9423	1	2	4	4	-1
4	0	9424	1	8	5	5	1
4	0	9425	1	6	5	5	1
4	0	9426	1	7	5	5	1
4	0	9427	1	5	5	6	1
4	0	9428	1	2	1	1	-1
4	0	9429	1	5	5	6	1
4	0	9430	1	5	5	6	1
4	0	9431	1	2	1	1	0
4	0	9432	1	4	5	5	1
4	0	9433	1	6	5	5	1
4	0	9434	1	2	5	5	1
4	0	9435	1	9	5	5	1
4	0	9436	1	6	5	5	1
4	0	9437	1	2	4	4	1
4	0	9438	1	6	5	5	1
4	0	9439	1	1	1	1	-1
4	0	9440	1	10	5	4	1
4	0	9441	1	3	4	4	1
4	0	9442	1	5	5	6	1
4	0	9443	1	2	4	4	1
4	0	9444	1	4	5	5	1
4	0	9445	2	2	1	1	1
4	0	9446	2	1	5	5	1
4	0	9447	1	5	5	6	1
4	0	9448	1	5	5	6	1
4	0	9449	1	7	4	4	1
4	0	9450	1	1	4	4	1
4	0	9451	1	6	5	5	1
4	0	9452	1	5	5	6	1
4	0	9453	2	1	1	1	-1
4	0	9454	1	1	1	1	-1
4	0	9455	1	2	5	5	1
4	0	9456	2	2	1	1	-1
4	0	9457	1	3	3	3	-1
4	0	9458	1	8	5	5	1
4	0	9459	1	1	1	1	-1
4	0	9460	1	1	1	1	-1
4	0	9461	2	1	1	1	-1
4	0	9462	1	1	1	1	-1
4	0	9463	1	1	1	1	-1
4	0	9464	1	1	1	1	1
4	0	9465	1	4	4	4	1
4	0	9466	1	2	1	1	-1
4	0	9467	1	3	2	2	-1
4	0	9468	1	5	5	6	1
4	0	9469	2	1	1	1	-1
4	0	9470	1	6	3	3	1
4	0	9471	1	2	1	1	-1
4	0	9472	1	6	5	5	1
4	0	9473	1	1	2	2	1
4	0	9474	2	1	4	4	1
4	0	9475	1	2	4	4	1
4	0	9476	1	1	4	4	-1
4	0	9477	1	5	5	6	1
4	0	9478	2	2	5	5	0
4	0	9479	1	2	5	5	1
4	0	9480	1	8	5	5	1
4	0	9481	1	7	5	5	1
4	0	9482	1	2	1	1	-1
4	0	9483	1	3	3	3	1
4	0	9484	2	1	4	4	1
4	0	9485	1	2	1	1	-1
4	0	9486	1	2	1	1	-1
4	0	9487	1	6	5	5	1
4	0	9488	1	6	5	5	1
4	0	9489	1	2	3	3	-1
4	0	9490	2	1	1	1	-1
4	0	9491	1	2	1	1	-1
4	0	9492	1	8	5	5	1
4	0	9493	1	7	5	5	1
4	0	9494	1	7	5	5	1
4	0	9495	1	2	1	1	1
4	0	9496	1	4	5	5	1
4	0	9497	1	9	5	5	1
4	0	9498	2	1	5	5	-1
4	0	9499	1	9	5	5	1
4	0	9500	1	2	3	3	1
4	0	9501	1	5	4	6	1
4	0	9502	1	3	5	5	1
4	0	9503	1	9	5	5	1
4	0	9504	1	7	5	5	1
4	0	9505	1	8	5	5	1
4	0	9506	1	7	5	5	1
4	0	9507	1	9	5	5	1
4	0	9508	1	7	5	5	1
4	0	9509	1	3	3	3	1
4	0	9510	1	5	5	6	1
4	0	9511	1	8	5	5	1
4	0	9512	1	3	3	3	1
4	0	9513	1	8	5	5	1
4	0	9514	1	8	5	5	1
4	0	9515	1	9	5	5	1
4	0	9516	1	5	5	6	1
4	0	9517	1	4	4	4	1
4	0	9518	1	9	5	5	1
4	0	9519	1	5	4	6	-1
4	0	9520	1	4	5	5	1
4	0	9521	1	7	5	5	1
4	0	9522	1	4	3	3	1
4	0	9523	1	7	5	5	1
4	0	9524	1	9	5	5	1
4	0	9525	2	1	4	4	-1
4	0	9526	1	6	5	5	1
4	0	9527	1	5	4	6	-1
4	0	9528	1	7	5	5	1
4	0	9529	1	6	5	5	1
4	0	9530	1	5	3	6	-1
4	0	9531	1	5	3	6	-1
4	0	9532	1	5	3	6	-1
4	0	9533	1	6	5	5	1
4	0	9534	1	5	5	6	1
4	0	9535	1	5	3	6	-1
4	0	9536	1	3	5	5	1
4	0	9537	1	1	3	3	0
4	0	9538	1	6	5	5	1
4	0	9539	1	1	4	4	1
4	0	9540	1	9	5	5	1
4	0	9541	1	1	3	3	1
4	0	9542	1	2	3	3	1
4	0	9543	1	5	5	6	1
4	0	9544	2	1	3	3	-1
4	0	9545	1	9	5	5	1
4	0	9546	1	8	5	5	1
4	0	9547	1	2	4	4	1
4	0	9548	1	10	5	4	1
4	0	9549	1	7	5	5	1
4	0	9550	1	1	1	1	-1
4	0	9551	1	6	5	5	1
4	0	9552	1	10	5	4	1
4	0	9553	1	7	5	5	1
4	0	9554	1	6	5	5	1
4	0	9555	1	5	5	6	1
4	0	9556	2	1	3	3	-1
4	0	9557	1	3	4	4	1
4	0	9558	1	3	4	4	1
4	0	9559	1	6	5	5	1
4	0	9560	1	6	5	5	1
4	0	9561	1	7	5	5	1
4	0	9562	1	2	4	4	1
4	0	9563	1	4	3	3	1
4	0	9564	1	7	5	5	1
4	0	9565	1	3	5	5	1
4	0	9566	1	4	5	5	1
4	0	9567	1	5	5	6	-1
4	0	9568	1	3	4	4	1
4	0	9569	1	7	5	5	1
4	0	9570	2	2	5	5	1
4	0	9571	2	1	5	5	1
4	0	9572	1	6	5	5	1
4	0	9573	1	4	5	5	1
4	0	9574	1	1	4	4	1
4	0	9575	1	5	5	6	1
4	0	9576	1	1	4	4	1
4	0	9577	1	7	5	5	1
4	0	9578	1	5	3	6	-1
4	0	9579	1	8	5	5	1
4	0	9580	1	10	5	4	1
4	0	9581	1	7	5	5	1
4	0	9582	1	6	5	5	1
4	0	9583	1	1	1	1	-1
4	0	9584	1	8	5	5	1
4	0	9585	1	8	5	5	1
4	0	9586	1	1	1	1	0
4	0	9587	1	2	4	4	1
4	0	9588	1	4	1	1	1
4	0	9589	1	7	4	4	1
4	0	9590	1	9	5	5	1
4	0	9591	1	1	5	5	-1
4	0	9592	1	1	1	1	-1
4	0	9593	1	4	4	4	1
4	0	9594	1	4	1	1	-1
4	0	9595	1	1	1	1	-1
4	0	9596	1	4	1	1	0
4	0	9597	2	1	1	1	-1
4	0	9598	1	1	5	5	1
4	0	9599	2	1	1	1	0
4	0	9600	1	2	5	5	1
4	0	9601	1	4	5	5	1
4	0	9602	1	4	1	1	1
4	0	9603	2	1	1	1	-1
4	0	9604	1	3	5	5	1
4	0	9605	1	7	5	5	1
4	0	9606	1	4	5	5	-1
4	0	9607	1	5	1	6	-1
4	0	9608	1	2	4	4	-1
4	0	9609	1	1	1	1	1
4	0	9610	1	6	5	5	1
4	0	9611	1	4	5	5	1
4	0	9612	2	1	1	1	-1
4	0	9613	1	3	4	4	1
4	0	9614	1	9	5	5	1
4	0	9615	1	3	1	1	-1
4	0	9616	1	3	1	1	-1
4	0	9617	1	1	5	5	1
4	0	9618	1	6	5	5	1
4	0	9619	2	1	5	5	-1
4	0	9620	1	1	1	1	-1
4	0	9621	1	6	5	5	1
4	0	9622	1	2	1	1	1
4	0	9623	1	5	5	6	1
4	0	9624	1	8	5	5	1
4	0	9625	1	3	1	1	-1
4	0	9626	1	1	1	1	1
4	0	9627	1	7	5	5	1
4	0	9628	1	5	5	6	1
4	0	9629	1	8	5	5	1
4	0	9630	1	3	1	1	1
4	0	9631	1	7	3	3	1
4	0	9632	1	4	4	4	1
4	0	9633	1	3	2	2	1
4	0	9634	1	2	1	1	-1
4	0	9635	2	2	1	1	-1
4	0	9636	1	4	1	1	1
4	0	9637	1	5	5	6	1
4	0	9638	2	1	1	1	-1
4	0	9639	1	5	1	6	-1
4	0	9640	1	2	1	1	1
4	0	9641	1	6	5	5	1
4	0	9642	1	5	5	6	1
4	0	9643	1	1	2	2	1
4	0	9644	1	3	1	1	1
4	0	9645	1	1	2	2	1
4	0	9646	1	8	3	3	1
4	0	9647	1	4	1	1	1
4	0	9648	1	7	5	5	1
4	0	9649	1	2	4	4	1
4	0	9650	1	9	5	5	1
4	0	9651	1	7	5	5	1
4	0	9652	1	4	2	2	1
4	0	9653	1	5	1	6	-1
4	0	9654	2	1	2	2	-1
4	0	9655	1	1	5	5	1
4	0	9656	2	1	3	3	-1
4	0	9657	2	1	1	1	-1
4	0	9658	1	1	1	1	0
4	0	9659	1	9	3	3	-1
4	0	9660	1	6	5	5	1
4	0	9661	2	2	5	5	0
4	0	9662	1	5	5	6	1
4	0	9663	1	2	5	5	1
4	0	9664	1	7	5	5	1
4	0	9665	1	3	5	5	1
4	0	9666	1	8	5	5	1
4	0	9667	1	5	5	6	1
4	0	9668	1	1	1	1	-1
4	0	9669	1	5	3	6	-1
4	0	9670	1	5	3	6	-1
4	0	9671	1	8	5	5	1
4	0	9672	1	7	5	5	1
4	0	9673	1	8	5	5	1
4	0	9674	1	2	2	2	1
4	0	9675	2	1	1	1	1
4	0	9676	1	5	3	6	1
4	0	9677	1	8	5	5	1
4	0	9678	1	1	1	1	1
4	0	9679	2	1	4	4	-1
4	0	9680	1	5	2	6	-1
4	0	9681	1	4	5	5	1
4	0	9682	1	1	2	2	1
4	0	9683	2	2	1	1	1
4	0	9684	1	6	5	5	1
4	0	9685	1	9	5	5	1
4	0	9686	1	1	1	1	0
4	0	9687	1	3	2	2	1
4	0	9688	1	9	5	5	1
4	0	9689	1	4	5	5	1
4	0	9690	1	6	5	5	1
4	0	9691	1	8	5	5	1
4	0	9692	1	9	5	5	1
4	0	9693	1	9	5	5	1
4	0	9694	1	3	1	1	1
4	0	9695	2	2	1	1	1
4	0	9696	1	8	5	5	1
4	0	9697	1	7	5	5	1
4	0	9698	1	7	5	5	1
4	0	9699	1	8	5	5	1
4	0	9700	1	8	5	5	1
4	0	9701	1	6	3	3	1
4	0	9702	1	2	1	1	1
4	0	9703	1	4	2	2	1
4	0	9704	1	8	5	5	1
4	0	9705	1	3	1	1	1
4	0	9706	1	4	1	1	1
4	0	9707	1	5	5	6	1
4	0	9708	1	2	2	2	-1
4	0	9709	1	8	5	5	1
4	0	9710	1	8	5	5	1
4	0	9711	1	5	1	6	-1
4	0	9712	1	7	5	5	1
4	0	9713	1	8	5	5	1
4	0	9714	1	8	5	5	1
4	0	9715	1	7	5	5	1
4	0	9716	1	1	1	1	1
4	0	9717	1	9	5	5	1
4	0	9718	1	3	5	5	1
4	0	9719	2	1	1	1	1
4	0	9720	1	5	5	6	1
4	0	9721	1	9	5	5	1
4	0	9722	2	3	5	5	0
4	0	9723	1	6	5	5	1
4	0	9724	1	6	5	5	1
4	0	9725	1	7	5	5	1
4	0	9726	1	5	5	6	1
4	0	9727	2	1	1	1	-1
4	0	9728	1	10	5	4	1
4	0	9729	1	1	1	1	-1
4	0	9730	1	2	2	2	1
4	0	9731	1	4	5	5	1
4	0	9732	1	8	5	5	1
4	0	9733	1	10	5	4	1
4	0	9734	1	5	4	6	1
4	0	9735	1	7	3	3	1
4	0	9736	1	7	5	5	1
4	0	9737	1	1	1	1	-1
4	0	9738	1	7	5	5	1
4	0	9739	1	6	5	5	1
4	0	9740	1	8	5	5	1
4	0	9741	1	8	5	5	1
4	0	9742	1	1	1	1	-1
4	0	9743	1	8	5	5	1
4	0	9744	1	2	5	5	1
4	0	9745	1	8	5	5	1
4	0	9746	1	7	5	5	1
4	0	9747	1	4	5	5	1
4	0	9748	1	8	5	5	1
4	0	9749	1	1	1	1	0
4	0	9750	1	1	1	1	1
4	0	9751	1	7	5	5	1
4	0	9752	1	2	1	1	0
4	0	9753	1	2	1	1	1
4	0	9754	1	3	1	1	-1
4	0	9755	1	3	1	1	-1
4	0	9756	1	4	5	5	1
4	0	9757	2	2	1	1	1
4	0	9758	1	6	5	5	1
4	0	9759	1	5	5	6	1
4	0	9760	1	6	5	5	1
4	0	9761	1	5	5	6	1
4	0	9762	1	7	5	5	1
4	0	9763	1	6	5	5	1
4	0	9764	1	8	5	5	1
4	0	9765	1	7	5	5	1
4	0	9766	1	5	5	6	1
4	0	9767	1	4	5	5	1
4	0	9768	1	8	5	5	1
4	0	9769	2	1	5	5	-1
4	0	9770	1	7	5	5	1
4	0	9771	1	8	5	5	1
4	0	9772	2	1	2	2	-1
4	0	9773	1	5	5	6	1
4	0	9774	1	6	5	5	1
4	0	9775	1	8	5	5	1
4	0	9776	1	5	5	6	1
4	0	9777	1	4	5	5	1
4	0	9778	1	8	5	5	1
4	0	9779	1	6	3	3	1
4	0	9780	1	5	4	6	1
4	0	9781	1	6	4	4	1
4	0	9782	1	6	5	5	1
4	0	9783	1	8	5	5	1
4	0	9784	1	6	5	5	1
4	0	9785	1	9	5	5	1
4	0	9786	1	8	5	5	1
4	0	9787	1	5	5	6	1
4	0	9788	1	8	5	5	1
4	0	9789	1	7	5	5	1
4	0	9790	1	8	5	5	1
4	0	9791	1	9	5	5	1
4	0	9792	1	7	5	5	1
4	0	9793	1	8	5	5	1
4	0	9794	1	8	5	5	1
4	0	9795	1	6	5	5	1
4	0	9796	1	5	5	6	1
4	0	9797	1	8	5	5	1
4	0	9798	1	9	5	5	1
4	0	9799	1	7	5	5	1
4	0	9800	1	9	5	5	1
4	0	9801	1	1	1	1	0
4	0	9802	1	8	5	5	1
4	0	9803	1	8	5	5	1
4	0	9804	1	8	5	5	1
4	0	9805	1	5	5	6	1
4	0	9806	1	6	5	5	1
4	0	9807	2	1	5	5	1
4	0	9808	1	7	5	5	1
4	0	9809	1	8	5	5	1
4	0	9810	1	4	5	5	1
4	0	9811	1	7	5	5	1
4	0	9812	1	9	5	5	1
4	0	9813	1	3	1	1	0
4	0	9814	1	5	1	6	-1
4	0	9815	1	7	5	5	1
4	0	9816	1	7	5	5	1
4	0	9817	1	5	5	6	1
4	0	9818	1	6	5	5	1
4	0	9819	1	8	5	5	1
4	0	9820	1	6	5	5	1
4	0	9821	1	6	5	5	1
4	0	9822	1	6	5	5	1
4	0	9823	1	8	5	5	1
4	0	9824	1	7	5	5	1
4	0	9825	1	8	5	5	1
4	0	9826	1	1	1	1	-1
4	0	9827	1	5	5	6	1
4	0	9828	1	8	5	5	1
4	0	9829	1	3	3	3	1
4	0	9830	1	7	5	5	1
4	0	9831	1	8	5	5	1
4	0	9832	1	5	5	6	1
4	0	9833	1	6	5	5	1
4	0	9834	1	1	5	5	1
4	0	9835	1	1	1	1	-1
4	0	9836	1	1	1	1	1
4	0	9837	1	7	5	5	1
4	0	9838	1	1	1	1	-1
4	0	9839	1	2	5	5	1
4	0	9840	2	1	1	1	-1
4	0	9841	1	7	5	5	1
4	0	9842	1	6	5	5	1
4	0	9843	2	1	4	4	-1
4	0	9844	1	8	5	5	1
4	0	9845	1	7	5	5	1
4	0	9846	1	7	5	5	1
4	0	9847	1	8	5	5	1
4	0	9848	1	6	5	5	1
4	0	9849	1	8	5	5	1
4	0	9850	1	8	5	5	1
4	0	9851	1	8	5	5	1
4	0	9852	1	7	5	5	1
4	0	9853	1	1	1	1	-1
4	0	9854	1	4	3	3	1
4	0	9855	1	7	5	5	1
4	0	9856	1	8	5	5	1
4	0	9857	1	5	3	6	-1
4	0	9858	1	7	5	5	1
4	0	9859	1	7	5	5	1
4	0	9860	1	8	5	5	1
4	0	9861	1	7	5	5	1
4	0	9862	1	2	5	5	0
4	0	9863	1	6	5	5	1
4	0	9864	1	7	5	5	1
4	0	9865	1	8	5	5	1
4	0	9866	1	4	5	5	1
4	0	9867	1	6	5	5	1
4	0	9868	1	1	1	1	1
4	0	9869	1	9	5	5	1
4	0	9870	1	9	5	5	1
4	0	9871	1	7	5	5	1
4	0	9872	1	9	5	5	1
4	0	9873	1	6	5	5	1
4	0	9874	1	8	5	5	1
4	0	9875	2	1	5	5	-1
4	0	9876	1	10	5	4	1
4	0	9877	1	9	5	5	1
4	0	9878	1	1	1	1	1
4	0	9879	1	8	5	5	1
4	0	9880	1	7	5	5	1
4	0	9881	1	7	4	4	1
4	0	9882	1	7	5	5	1
4	0	9883	1	1	5	5	1
4	0	9884	1	6	5	5	1
4	0	9885	1	9	5	5	1
4	0	9886	1	6	5	5	1
4	0	9887	1	2	1	1	1
4	0	9888	1	5	3	6	1
4	0	9889	1	6	5	5	1
4	0	9890	1	8	5	5	1
4	0	9891	1	7	5	5	1
4	0	9892	1	2	5	5	1
4	0	9893	2	1	1	1	-1
4	0	9894	1	7	5	5	1
4	0	9895	1	6	5	5	1
4	0	9896	1	5	5	6	1
4	0	9897	1	5	5	6	-1
4	0	9898	1	3	1	1	1
4	0	9899	1	2	5	5	1
4	0	9900	1	4	1	1	1
4	0	9901	1	3	5	5	1
4	0	9902	1	6	3	3	1
4	0	9903	1	5	1	6	-1
4	0	9904	1	8	5	5	1
4	0	9905	1	3	5	5	1
4	0	9906	1	4	5	5	1
4	0	9907	1	4	5	5	1
4	0	9908	1	6	5	5	1
4	0	9909	1	1	1	1	-1
4	0	9910	1	9	5	5	1
4	0	9911	2	1	1	1	1
4	0	9912	1	7	5	5	1
4	0	9913	1	5	5	6	1
4	0	9914	2	1	5	5	1
4	0	9915	1	7	3	3	1
4	0	9916	1	2	1	1	1
4	0	9917	2	2	1	1	-1
4	0	9918	1	7	5	5	1
4	0	9919	2	1	1	1	-1
4	0	9920	1	6	5	5	1
4	0	9921	1	5	5	6	1
4	0	9922	1	7	5	5	1
4	0	9923	1	7	5	5	1
4	0	9924	1	9	5	5	1
4	0	9925	1	8	3	3	1
4	0	9926	1	1	1	1	1
4	0	9927	1	6	5	5	1
4	0	9928	1	8	5	5	1
4	0	9929	1	7	5	5	1
4	0	9930	2	2	5	5	1
4	0	9931	1	7	5	5	1
4	0	9932	1	2	1	1	1
4	0	9933	1	9	5	5	1
4	0	9934	1	8	5	5	1
4	0	9935	1	6	5	5	1
4	0	9936	1	7	5	5	1
4	0	9937	1	3	1	1	1
4	0	9938	1	8	5	5	1
4	0	9939	1	5	5	6	1
4	0	9940	1	10	5	4	1
4	0	9941	1	8	5	5	1
4	0	9942	2	1	1	1	-1
4	0	9943	1	9	5	5	1
4	0	9944	1	7	5	5	1
4	0	9945	1	4	1	1	1
4	0	9946	1	6	5	5	1
4	0	9947	1	6	5	5	1
4	0	9948	1	5	1	6	-1
4	0	9949	1	6	5	5	1
4	0	9950	1	8	5	5	1
4	0	9951	1	7	5	5	1
4	0	9952	1	6	5	5	1
4	0	9953	1	10	5	4	1
4	0	9954	2	1	1	1	1
4	0	9955	1	7	5	5	1
4	0	9956	2	2	1	1	-1
4	0	9957	1	8	5	5	1
4	0	9958	1	5	5	6	1
4	0	9959	1	6	5	5	1
4	0	9960	1	7	5	5	1
4	0	9961	1	5	5	6	1
4	0	9962	1	7	5	5	1
4	0	9963	2	3	5	5	0
4	0	9964	1	7	5	5	1
4	0	9965	1	1	1	1	1
4	0	9966	1	9	5	5	1
4	0	9967	1	7	5	5	1
4	0	9968	1	7	5	5	1
4	0	9969	1	1	1	1	-1
4	0	9970	1	10	5	4	1
4	0	9971	1	7	5	5	1
4	0	9972	1	7	5	5	1
4	0	9973	1	1	3	3	1
4	0	9974	1	9	5	5	1
4	0	9975	1	6	5	5	1
4	0	9976	1	3	5	5	1
4	0	9977	1	5	5	6	1
4	0	9978	1	6	5	5	1
4	0	9979	1	8	5	5	1
4	0	9980	1	9	5	5	1
4	0	9981	1	7	4	4	1
4	0	9982	1	10	5	4	1
4	0	9983	1	7	5	5	1
4	0	9984	1	3	3	3	1
4	0	9985	1	1	1	1	-1
4	0	9986	1	7	5	5	1
4	0	9987	1	8	5	5	1
4	0	9988	1	7	5	5	1
4	0	9989	1	7	5	5	1
4	0	9990	1	7	5	5	1
4	0	9991	1	6	5	5	-1
4	0	9992	1	1	4	4	-1
4	0	9993	2	1	5	5	-1
4	0	9994	2	1	5	5	1
4	0	9995	1	6	5	5	1
4	0	9996	1	5	1	6	-1
4	0	9997	1	7	5	5	1
4	0	9998	1	6	5	5	1
4	0	9999	1	7	5	5	1
4	0	10000	1	6	5	5	1
4	0	10001	1	9	5	5	1
4	0	10002	1	7	5	5	1
4	0	10003	1	7	5	5	1
4	0	10004	1	8	5	5	1
4	0	10005	1	8	5	5	1
4	0	10006	1	5	5	6	1
4	0	10007	1	8	5	5	1
4	0	10008	1	6	1	1	1
4	0	10009	1	7	5	5	1
4	0	10010	1	7	5	5	1
4	0	10011	1	5	5	6	1
4	0	10012	1	1	1	1	-1
4	0	10013	1	1	4	4	-1
4	0	10014	2	1	2	2	-1
4	0	10015	1	7	5	5	1
4	0	10016	2	1	1	1	-1
4	0	10017	1	1	1	1	-1
4	0	10018	1	10	5	4	1
4	0	10019	1	2	5	5	1
4	0	10020	1	10	5	4	1
4	0	10021	1	6	5	5	1
4	0	10022	1	8	4	4	1
4	0	10023	1	7	5	5	1
4	0	10024	1	7	5	5	1
4	0	10025	1	8	5	5	1
4	0	10026	1	1	1	1	-1
4	0	10027	1	8	5	5	1
4	0	10028	2	1	1	1	-1
4	0	10029	1	1	4	4	-1
4	0	10030	2	1	2	2	-1
4	0	10031	2	1	1	1	-1
4	0	10032	2	1	1	1	-1
4	0	10033	1	7	5	5	1
4	0	10034	1	8	5	5	1
4	0	10035	1	8	5	5	1
4	0	10036	1	1	5	5	1
4	0	10037	1	1	1	1	1
4	0	10038	1	1	4	4	-1
4	0	10039	1	7	5	5	1
4	0	10040	1	3	5	5	1
4	0	10041	1	6	5	5	1
4	0	10042	2	1	5	5	-1
4	0	10043	1	2	5	5	1
4	0	10044	1	8	5	5	1
4	0	10045	1	5	5	6	1
4	0	10046	1	6	5	5	1
4	0	10047	1	7	5	5	1
4	0	10048	1	1	5	5	1
4	0	10049	1	7	5	5	1
4	0	10050	1	7	5	5	1
4	0	10051	1	7	5	5	1
4	0	10052	1	2	5	5	1
4	0	10053	1	8	5	5	1
4	0	10054	1	7	5	5	1
4	0	10055	2	1	5	5	1
4	0	10056	1	7	5	5	1
4	0	10057	1	2	1	1	-1
4	0	10058	1	3	5	5	1
4	0	10059	1	9	5	5	1
4	0	10060	1	8	5	5	1
4	0	10061	1	8	5	5	1
4	0	10062	1	1	5	5	-1
4	0	10063	1	1	2	2	1
4	0	10064	1	4	5	5	1
4	0	10065	1	2	1	1	-1
4	0	10066	1	2	2	2	1
4	0	10067	1	3	2	2	1
4	0	10068	1	4	2	2	1
4	0	10069	1	5	2	6	-1
4	0	10070	1	5	5	6	1
4	0	10071	1	6	5	5	1
4	0	10072	1	1	5	5	1
4	0	10073	2	3	2	2	1
4	0	10074	1	8	5	5	1
4	0	10075	1	9	5	5	1
4	0	10076	1	3	1	1	-1
4	0	10077	1	2	5	5	1
4	0	10078	1	6	5	5	1
4	0	10079	1	7	5	5	1
4	0	10080	2	4	2	2	-1
4	0	10081	1	7	5	5	1
4	0	10082	1	6	5	5	1
4	0	10083	1	8	5	5	1
4	0	10084	1	3	1	1	-1
4	0	10085	1	7	5	5	1
4	0	10086	1	3	5	5	1
4	0	10087	2	1	5	5	1
4	0	10088	1	10	5	4	1
4	0	10089	1	5	5	6	1
4	0	10090	1	4	5	5	1
4	0	10091	1	6	5	5	1
4	0	10092	1	4	5	5	1
4	0	10093	1	1	2	2	-1
4	0	10094	2	1	5	5	-1
4	0	10095	1	6	5	5	1
4	0	10096	1	7	5	5	1
4	0	10097	1	5	5	6	1
4	0	10098	1	6	5	5	1
4	0	10099	1	7	5	5	1
4	0	10100	1	1	1	1	-1
4	0	10101	1	9	5	5	1
4	0	10102	1	1	2	2	-1
4	0	10103	1	7	5	5	1
4	0	10104	1	2	1	1	-1
4	0	10105	1	1	2	2	-1
4	0	10106	2	1	5	5	-1
4	0	10107	1	1	2	2	-1
4	0	10108	1	6	5	5	1
4	0	10109	1	1	2	2	-1
4	0	10110	1	1	2	2	-1
4	0	10111	1	1	1	1	-1
4	0	10112	1	7	5	5	1
4	0	10113	1	2	1	1	1
4	0	10114	1	1	2	2	-1
4	0	10115	1	1	2	2	1
4	0	10116	1	8	5	5	1
4	0	10117	1	2	2	2	-1
4	0	10118	1	8	5	5	1
4	0	10119	1	8	5	5	1
4	0	10120	1	1	1	1	1
4	0	10121	1	2	1	1	-1
4	0	10122	1	2	1	1	-1
4	0	10123	1	6	4	4	1
4	0	10124	1	2	1	1	1
4	0	10125	1	3	1	1	1
4	0	10126	1	4	1	1	1
4	0	10127	1	6	4	4	1
4	0	10128	2	1	1	1	1
4	0	10129	2	2	1	1	0
4	0	10130	1	8	5	5	1
4	0	10131	1	6	5	5	1
4	0	10132	2	2	1	1	1
4	0	10133	2	3	1	1	1
4	0	10134	2	4	1	1	0
4	0	10135	2	1	3	3	1
4	0	10136	1	9	4	4	1
4	0	10137	1	6	5	5	1
4	0	10138	1	2	5	5	1
4	0	10139	1	10	5	4	1
4	0	10140	2	1	1	1	-1
4	0	10141	2	2	4	4	1
4	0	10142	1	5	3	6	1
4	0	10143	1	6	5	5	1
4	0	10144	1	9	5	5	1
4	0	10145	1	1	1	1	-1
4	0	10146	1	1	5	5	1
4	0	10147	1	2	5	5	1
4	0	10148	1	3	5	5	1
4	0	10149	1	1	1	1	-1
4	0	10150	1	7	5	5	1
4	0	10151	1	6	5	5	1
4	0	10152	1	7	5	5	1
4	0	10153	1	4	5	5	1
4	0	10154	1	5	5	6	1
4	0	10155	1	6	5	5	1
4	0	10156	2	3	4	4	1
4	0	10157	1	7	5	5	1
4	0	10158	1	8	5	5	1
4	0	10159	1	8	5	5	1
4	0	10160	1	9	5	5	1
4	0	10161	1	9	5	5	1
4	0	10162	1	7	5	5	1
4	0	10163	1	10	5	4	1
4	0	10164	1	7	5	5	1
4	0	10165	1	9	5	5	1
4	0	10166	1	11	5	5	1
4	0	10167	1	8	5	5	1
4	0	10168	1	8	5	5	1
4	0	10169	1	6	5	5	1
4	0	10170	1	7	5	5	1
4	0	10171	1	8	5	5	1
4	0	10172	1	9	5	5	1
4	0	10173	1	5	5	6	1
4	0	10174	1	8	5	5	1
4	0	10175	1	8	5	5	1
4	0	10176	1	9	5	5	1
4	0	10177	1	10	5	4	1
4	0	10178	1	4	3	3	1
4	0	10179	1	9	5	5	1
4	0	10180	1	1	2	2	1
4	0	10181	1	9	5	5	1
4	0	10182	1	2	2	2	1
4	0	10183	1	2	2	2	1
4	0	10184	1	5	5	6	1
4	0	10185	1	5	1	6	-1
4	0	10186	1	1	1	1	-1
4	0	10187	1	3	2	2	1
4	0	10188	1	8	5	5	1
4	0	10189	1	1	5	5	1
4	0	10190	1	1	1	1	1
4	0	10191	1	4	5	5	1
4	0	10192	1	3	1	1	1
4	0	10193	1	4	1	1	1
4	0	10194	1	7	5	5	1
4	0	10195	1	1	1	1	1
4	0	10196	1	2	5	5	1
4	0	10197	2	1	5	5	1
4	0	10198	1	3	5	5	1
4	0	10199	1	5	1	6	-1
4	0	10200	2	3	3	3	-1
4	0	10201	1	4	5	5	1
4	0	10202	1	2	1	1	1
4	0	10203	1	3	1	1	0
4	0	10204	1	3	1	1	1
4	0	10205	1	9	5	5	1
4	0	10206	1	9	5	5	1
4	0	10207	1	1	3	3	-1
4	0	10208	1	4	1	1	-1
4	0	10209	1	4	1	1	1
4	0	10210	1	5	1	6	-1
4	0	10211	2	1	1	1	-1
4	0	10212	2	1	1	1	-1
4	0	10213	2	1	1	1	-1
4	0	10214	1	5	4	6	1
4	0	10215	1	10	5	4	1
4	0	10216	1	6	4	4	1
4	0	10217	1	7	4	4	1
4	0	10218	1	4	5	5	1
4	0	10219	1	8	5	5	1
4	0	10220	1	5	5	6	1
4	0	10221	1	3	3	3	1
4	0	10222	1	4	4	4	1
4	0	10223	1	4	3	3	1
4	0	10224	1	5	4	6	1
4	0	10225	1	8	5	5	1
4	0	10226	1	1	5	5	1
4	0	10227	1	5	5	6	1
4	0	10228	1	9	5	5	1
4	0	10229	1	6	4	4	1
4	0	10230	2	1	5	5	1
4	0	10231	1	2	1	1	1
4	0	10232	1	7	4	4	1
4	0	10233	1	8	4	4	1
4	0	10234	1	10	5	4	1
4	0	10235	1	8	5	5	1
4	0	10236	1	1	1	1	-1
4	0	10237	2	1	5	5	1
4	0	10238	1	1	1	1	-1
4	0	10239	1	9	5	5	1
4	0	10240	1	3	5	5	1
4	0	10241	1	1	1	1	-1
4	0	10242	1	1	1	1	0
4	0	10243	1	1	1	1	-1
4	0	10244	1	1	5	5	1
4	0	10245	1	2	5	5	1
4	0	10246	1	3	5	5	1
4	0	10247	1	4	5	5	1
4	0	10248	1	1	1	1	1
4	0	10249	1	5	5	6	1
4	0	10250	1	6	5	5	1
4	0	10251	1	7	5	5	1
4	0	10252	1	8	5	5	1
4	0	10253	1	9	5	5	1
4	0	10254	1	2	1	1	1
4	0	10255	1	10	5	4	1
4	0	10256	1	3	1	1	1
4	0	10257	1	11	5	5	1
4	0	10258	1	4	1	1	1
4	0	10259	1	8	5	5	1
4	0	10260	1	5	1	6	-1
4	0	10261	1	8	5	5	1
4	0	10262	1	4	3	3	1
4	0	10263	1	6	5	5	1
4	0	10264	1	8	5	5	1
4	0	10265	1	9	5	5	1
4	0	10266	1	4	5	5	1
4	0	10267	1	1	3	3	1
4	0	10268	1	5	5	6	1
4	0	10269	1	9	5	5	1
4	0	10270	1	2	3	3	1
4	0	10271	1	3	3	3	1
4	0	10272	1	4	3	3	1
4	0	10273	2	1	3	3	-1
4	0	10274	1	5	3	6	1
4	0	10275	1	5	5	6	1
4	0	10276	1	6	3	3	1
4	0	10277	1	7	3	3	1
4	0	10278	1	8	3	3	1
4	0	10279	1	8	5	5	1
4	0	10280	1	9	3	3	1
4	0	10281	1	9	5	5	1
4	0	10282	1	2	2	2	1
4	0	10283	1	10	5	4	1
4	0	10284	1	4	5	5	1
4	0	10285	1	1	1	1	0
4	0	10286	1	1	1	1	1
4	0	10287	1	2	1	1	1
4	0	10288	1	3	1	1	1
4	0	10289	1	4	1	1	1
4	0	10290	1	6	5	5	1
4	0	10291	1	3	1	1	1
4	0	10292	1	9	5	5	1
4	0	10293	1	6	3	3	1
4	0	10294	1	10	3	4	-1
4	0	10295	1	8	5	5	1
4	0	10296	1	5	5	6	1
4	0	10297	1	4	2	2	1
4	0	10298	1	5	2	6	-1
4	0	10299	1	8	5	5	1
4	0	10300	2	1	2	2	-1
4	0	10301	1	6	5	5	1
4	0	10302	1	6	5	5	1
4	0	10303	1	7	5	5	1
4	0	10304	2	1	2	2	-1
4	0	10305	1	10	5	4	1
4	0	10306	1	1	5	5	1
4	0	10307	1	7	4	4	1
4	0	10308	2	1	4	4	-1
4	0	10309	2	1	2	2	-1
4	0	10310	2	1	1	1	-1
4	0	10311	1	1	4	4	-1
4	0	10312	1	1	2	2	1
4	0	10313	1	2	2	2	1
4	0	10314	1	3	2	2	0
4	0	10315	1	3	2	2	1
4	0	10316	1	4	2	2	1
4	0	10317	1	2	4	4	-1
4	0	10318	1	5	4	6	-1
4	0	10319	1	8	4	4	1
4	0	10320	1	2	5	5	1
4	0	10321	1	1	1	1	-1
4	0	10322	1	8	5	5	1
4	0	10323	1	3	5	5	1
4	0	10324	2	1	1	1	-1
4	0	10325	1	7	5	5	1
4	0	10326	1	9	5	5	1
4	0	10327	1	5	4	6	0
4	0	10328	1	9	5	5	1
4	0	10329	1	4	5	5	1
4	0	10330	1	5	5	6	1
4	0	10331	1	7	5	5	1
4	0	10332	1	1	1	1	1
4	0	10333	2	2	2	2	-1
4	0	10334	1	1	2	2	1
4	0	10335	1	2	2	2	-1
4	0	10336	1	8	5	5	1
4	0	10337	1	2	1	1	-1
4	0	10338	1	2	2	2	1
4	0	10339	1	1	2	2	-1
4	0	10340	2	1	1	1	-1
4	0	10341	1	9	5	5	1
4	0	10342	1	3	2	2	1
4	0	10343	1	2	1	1	0
4	0	10344	1	2	1	1	-1
4	0	10345	1	2	1	1	1
4	0	10346	1	3	1	1	1
4	0	10347	1	4	1	1	1
4	0	10348	1	5	1	6	-1
4	0	10349	1	5	1	6	-1
4	0	10350	1	4	2	2	1
4	0	10351	1	1	4	4	-1
4	0	10352	1	10	3	4	1
4	0	10353	1	10	5	4	1
4	0	10354	1	5	5	6	-1
4	0	10355	1	5	5	6	1
4	0	10356	1	6	2	2	1
4	0	10357	1	7	2	2	1
4	0	10358	1	8	2	2	1
4	0	10359	1	10	5	4	1
4	0	10360	1	9	2	2	1
4	0	10361	1	1	3	3	-1
4	0	10362	1	1	1	1	1
4	0	10363	1	2	1	1	1
4	0	10364	1	3	1	1	1
4	0	10365	1	4	1	1	0
4	0	10366	1	4	1	1	-1
4	0	10367	1	2	5	5	1
4	0	10368	2	1	1	1	-1
4	0	10369	1	4	1	1	-1
4	0	10370	1	4	1	1	0
4	0	10371	1	1	1	1	-1
4	0	10372	1	4	1	1	1
4	0	10373	1	5	1	6	-1
4	0	10374	1	1	2	2	-1
4	0	10375	1	1	3	3	1
4	0	10376	2	1	2	2	-1
4	0	10377	1	2	3	3	1
4	0	10378	1	3	3	3	1
4	0	10379	1	1	2	2	0
4	0	10380	1	9	5	5	1
4	0	10381	1	9	5	5	1
4	0	10382	1	7	5	5	1
4	0	10383	1	4	3	3	-1
4	0	10384	1	4	3	3	1
4	0	10385	1	1	1	1	1
4	0	10386	1	5	5	6	-1
4	0	10387	1	2	2	2	1
4	0	10388	1	5	5	6	-1
4	0	10389	1	5	5	6	1
4	0	10390	1	6	3	3	1
4	0	10391	1	7	3	3	1
4	0	10392	1	8	2	2	1
4	0	10393	1	9	5	5	1
4	0	10394	1	2	5	5	1
4	0	10395	1	3	2	2	1
4	0	10396	1	3	1	1	-1
4	0	10397	1	4	2	2	1
4	0	10398	1	3	1	1	-1
4	0	10399	1	3	1	1	1
4	0	10400	1	4	1	1	1
4	0	10401	1	3	5	5	1
4	0	10402	1	6	5	5	1
4	0	10403	1	9	1	1	-1
4	0	10404	1	6	4	4	1
4	0	10405	1	10	5	4	1
4	0	10406	2	1	1	1	-1
4	0	10407	1	4	5	5	1
4	0	10408	1	8	5	5	1
4	0	10409	1	1	3	3	-1
4	0	10410	1	1	3	3	1
4	0	10411	1	2	3	3	1
4	0	10412	1	3	2	2	-1
4	0	10413	1	3	3	3	1
4	0	10414	1	4	3	3	1
4	0	10415	1	8	5	5	1
4	0	10416	1	1	1	1	1
4	0	10417	1	10	5	4	1
4	0	10418	1	5	4	6	-1
4	0	10419	1	5	5	6	1
4	0	10420	1	6	5	5	1
4	0	10421	1	9	5	5	1
4	0	10422	1	8	5	5	1
4	0	10423	1	9	5	5	1
4	0	10424	1	6	4	4	1
4	0	10425	1	6	5	5	1
4	0	10426	1	8	5	5	1
4	0	10427	1	7	3	3	1
4	0	10428	1	8	4	4	1
4	0	10429	1	4	1	1	1
4	0	10430	1	9	5	5	1
4	0	10431	1	10	5	4	1
4	0	10432	1	7	5	5	1
4	0	10433	1	2	5	5	1
4	0	10434	1	8	5	5	1
4	0	10435	2	1	1	1	-1
4	0	10436	1	8	5	5	1
4	0	10437	1	8	5	5	1
4	0	10438	2	1	1	1	-1
4	0	10439	1	8	5	5	1
4	0	10440	1	8	5	5	1
4	0	10441	1	3	5	5	-1
4	0	10442	1	7	5	5	1
4	0	10443	2	1	1	1	-1
4	0	10444	1	1	3	3	1
4	0	10445	2	1	2	2	1
4	0	10446	1	6	4	4	1
4	0	10447	1	2	1	1	-1
4	0	10448	2	1	1	1	-1
4	0	10449	1	7	3	3	1
4	0	10450	2	1	3	3	-1
4	0	10451	1	9	5	5	1
4	0	10452	2	1	1	1	-1
4	0	10453	2	1	2	2	-1
4	0	10454	1	2	1	1	1
4	0	10455	1	3	1	1	1
4	0	10456	1	4	1	1	0
4	0	10457	1	4	3	3	1
4	0	10458	1	6	5	5	1
4	0	10459	1	5	3	6	-1
4	0	10460	1	6	5	5	1
4	0	10461	1	7	5	5	1
4	0	10462	1	1	5	5	1
4	0	10463	1	3	5	5	1
4	0	10464	1	7	5	5	1
4	0	10465	2	1	3	3	-1
4	0	10466	1	2	5	5	-1
4	0	10467	1	2	5	5	1
4	0	10468	2	1	1	1	-1
4	0	10469	1	3	5	5	1
4	0	10470	1	4	5	5	1
4	0	10471	1	5	5	6	1
4	0	10472	1	3	5	5	1
4	0	10473	1	6	5	5	1
4	0	10474	1	7	5	5	1
4	0	10475	1	8	5	5	1
4	0	10476	1	7	5	5	1
4	0	10477	1	9	5	5	1
4	0	10478	2	1	3	3	-1
4	0	10479	1	1	5	5	1
4	0	10480	1	2	1	1	-1
4	0	10481	1	4	5	5	1
4	0	10482	1	2	3	3	1
4	0	10483	1	2	5	5	1
4	0	10484	1	3	5	5	1
4	0	10485	1	4	5	5	1
4	0	10486	1	5	5	6	1
4	0	10487	1	6	5	5	1
4	0	10488	1	7	5	5	1
4	0	10489	1	9	5	5	1
4	0	10490	1	8	5	5	1
4	0	10491	1	10	5	4	1
4	0	10492	1	9	5	5	1
4	0	10493	1	7	5	5	1
4	0	10494	1	10	1	4	-1
4	0	10495	1	7	5	5	1
4	0	10496	1	3	3	3	-1
4	0	10497	1	10	5	4	-1
4	0	10498	1	3	3	3	1
4	0	10499	1	4	3	3	1
4	0	10500	1	5	3	6	-1
4	0	10501	1	6	1	1	1
4	0	10502	1	6	5	5	1
4	0	10503	1	5	3	6	-1
4	0	10504	1	6	5	5	1
4	0	10505	1	8	5	5	1
4	0	10506	1	5	1	6	-1
4	0	10507	1	9	5	5	1
4	0	10508	1	5	1	6	-1
4	0	10509	1	5	3	6	-1
4	0	10510	1	6	5	5	1
4	0	10511	1	5	5	6	1
4	0	10512	1	9	5	5	1
4	0	10513	1	8	5	5	1
4	0	10514	1	7	5	5	1
4	0	10515	1	7	5	5	1
4	0	10516	1	9	5	5	1
4	0	10517	1	7	5	5	1
4	0	10518	1	9	5	5	1
4	0	10519	1	4	5	5	1
4	0	10520	1	1	3	3	1
4	0	10521	1	2	3	3	-1
4	0	10522	1	2	3	3	-1
4	0	10523	1	2	3	3	-1
4	0	10524	1	5	5	6	1
4	0	10525	2	1	1	1	-1
4	0	10526	1	2	3	3	-1
4	0	10527	1	8	5	5	1
4	0	10528	1	2	3	3	1
4	0	10529	1	3	3	3	1
4	0	10530	1	4	3	3	1
4	0	10531	1	1	1	1	0
4	0	10532	1	5	3	6	-1
4	0	10533	1	1	1	1	-1
4	0	10534	1	5	4	6	-1
4	0	10535	1	5	4	6	-1
4	0	10536	1	1	1	1	0
4	0	10537	1	1	1	1	1
4	0	10538	1	2	1	1	-1
4	0	10539	1	6	5	5	1
4	0	10540	1	2	1	1	1
4	0	10541	1	3	1	1	1
4	0	10542	1	4	1	1	1
4	0	10543	1	5	1	6	-1
4	0	10544	2	1	1	1	-1
4	0	10545	1	10	5	4	1
4	0	10546	1	1	4	4	1
4	0	10547	1	2	4	4	1
4	0	10548	1	3	4	4	1
4	0	10549	1	4	4	4	1
4	0	10550	1	7	5	5	1
4	0	10551	1	5	5	6	1
4	0	10552	1	6	5	5	1
4	0	10553	1	7	5	5	1
4	0	10554	1	8	5	5	1
4	0	10555	2	4	1	1	1
4	0	10556	1	9	5	5	1
4	0	10557	1	8	5	5	1
4	0	10558	1	10	5	4	0
4	0	10559	1	7	4	4	1
4	0	10560	1	8	5	5	1
4	0	10561	1	8	5	5	1
4	0	10562	1	10	5	4	1
4	0	10563	1	8	5	5	1
4	0	10564	1	9	5	5	1
4	0	10565	1	8	4	4	1
4	0	10566	1	8	5	5	1
4	0	10567	1	1	1	1	1
4	0	10568	1	9	5	5	1
4	0	10569	1	7	5	5	1
4	0	10570	1	4	2	2	1
4	0	10571	1	8	5	5	1
4	0	10572	1	9	5	5	1
4	0	10573	1	6	5	5	1
4	0	10574	1	9	5	5	1
4	0	10575	2	1	1	1	0
4	0	10576	1	1	5	5	1
4	0	10577	1	2	5	5	1
4	0	10578	1	3	5	5	1
4	0	10579	1	4	5	5	1
4	0	10580	1	8	5	5	1
4	0	10581	2	1	1	1	-1
4	0	10582	1	8	5	5	1
4	0	10583	1	5	5	6	1
4	0	10584	1	6	5	5	1
4	0	10585	1	7	5	5	1
4	0	10586	1	8	5	5	1
4	0	10587	1	9	5	5	1
4	0	10588	1	1	1	1	-1
4	0	10589	1	8	5	5	1
4	0	10590	1	10	5	4	1
4	0	10591	1	11	5	5	1
4	0	10592	1	1	1	1	-1
4	0	10593	1	9	5	5	1
4	0	10594	1	1	1	1	-1
4	0	10595	1	5	5	6	1
4	0	10596	1	9	5	5	1
4	0	10597	2	1	1	1	-1
4	0	10598	1	1	1	1	0
4	0	10599	1	1	1	1	0
4	0	10600	1	1	1	1	1
4	0	10601	1	7	5	5	1
4	0	10602	2	1	1	1	-1
4	0	10603	1	2	1	1	1
4	0	10604	1	4	4	4	1
4	0	10605	1	9	5	5	1
4	0	10606	1	3	1	1	1
4	0	10607	1	4	1	1	0
4	0	10608	1	7	5	5	1
4	0	10609	1	5	1	6	-1
4	0	10610	2	1	1	1	-1
4	0	10611	1	8	5	5	1
4	0	10612	1	7	5	5	1
4	0	10613	1	9	5	5	1
4	0	10614	1	9	5	5	1
4	0	10615	1	5	2	6	1
4	0	10616	1	8	5	5	1
4	0	10617	1	7	3	3	1
4	0	10618	1	7	3	3	1
4	0	10619	1	5	5	6	1
4	0	10620	1	11	5	5	1
4	0	10621	1	8	5	5	1
4	0	10622	1	5	5	6	1
4	0	10623	1	7	5	5	1
4	0	10624	1	8	5	5	1
4	0	10625	1	7	5	5	1
4	0	10626	1	7	5	5	1
4	0	10627	1	6	5	5	1
4	0	10628	1	8	5	5	1
4	0	10629	1	7	5	5	1
4	0	10630	1	7	5	5	1
4	0	10631	1	6	5	5	1
4	0	10632	1	10	5	4	1
4	0	10633	1	4	5	5	1
4	0	10634	1	11	5	5	1
4	0	10635	1	10	5	4	1
4	0	10636	1	9	5	5	1
4	0	10637	1	7	5	5	1
4	0	10638	2	2	1	1	-1
4	0	10639	1	5	5	6	1
4	0	10640	1	10	4	4	1
4	0	10641	1	8	5	5	1
4	0	10642	1	11	4	4	1
4	0	10643	1	7	5	5	1
4	0	10644	1	7	5	5	1
4	0	10645	1	6	4	4	1
4	0	10646	1	9	5	5	1
4	0	10647	1	7	5	5	1
4	0	10648	1	8	5	5	1
4	0	10649	1	3	5	5	1
4	0	10650	1	6	5	5	1
4	0	10651	1	7	5	5	1
4	0	10652	1	7	5	5	1
4	0	10653	1	7	5	5	1
4	0	10654	1	8	5	5	1
4	0	10655	1	10	5	4	1
4	0	10656	1	9	5	5	1
4	0	10657	2	1	5	5	-1
4	0	10658	1	6	5	5	1
4	0	10659	1	4	5	5	1
4	0	10660	1	9	5	5	1
4	0	10661	2	1	5	5	-1
4	0	10662	1	2	2	2	1
4	0	10663	1	3	2	2	1
4	0	10664	1	6	4	4	1
4	0	10665	1	9	5	5	1
4	0	10666	2	1	3	3	1
4	0	10667	1	7	1	1	1
4	0	10668	1	8	5	5	1
4	0	10669	1	8	5	5	1
4	0	10670	1	6	5	5	1
4	0	10671	1	7	5	5	1
4	0	10672	1	8	5	5	1
4	0	10673	1	7	5	5	1
4	0	10674	1	9	5	5	1
4	0	10675	1	5	5	6	1
4	0	10676	1	6	5	5	1
4	0	10677	1	5	5	6	1
4	0	10678	2	1	1	1	-1
4	0	10679	1	8	5	5	1
4	0	10680	1	6	5	5	1
4	0	10681	1	7	5	5	1
4	0	10682	1	8	5	5	1
4	0	10683	1	9	5	5	1
4	0	10684	1	10	5	4	1
4	0	10685	1	11	5	5	1
4	0	10686	1	7	5	5	1
4	0	10687	1	9	5	5	-1
4	0	10688	1	6	5	5	1
4	0	10689	1	8	5	5	1
4	0	10690	1	9	5	5	1
4	0	10691	1	9	5	5	1
4	0	10692	2	3	5	5	0
4	0	10693	2	3	1	1	0
4	0	10694	1	8	5	5	1
4	0	10695	1	9	5	5	1
4	0	10696	1	7	5	5	1
4	0	10697	1	3	2	2	1
4	0	10698	1	8	5	5	1
4	0	10699	1	8	5	5	1
4	0	10700	1	5	5	6	1
4	0	10701	1	8	5	5	1
4	0	10702	1	9	5	5	1
4	0	10703	1	5	5	6	1
4	0	10704	1	8	5	5	1
4	0	10705	1	10	5	4	1
4	0	10706	1	7	3	3	1
4	0	10707	1	5	5	6	1
4	0	10708	1	5	1	6	-1
4	0	10709	1	8	5	5	1
4	0	10710	1	8	5	5	1
4	0	10711	1	6	5	5	1
4	0	10712	1	5	5	6	1
4	0	10713	2	2	1	1	-1
4	0	10714	1	7	5	5	1
4	0	10715	1	6	5	5	1
4	0	10716	1	9	5	5	1
4	0	10717	1	8	5	5	1
4	0	10718	1	3	3	3	1
4	0	10719	1	6	5	5	1
4	0	10720	1	4	1	1	-1
4	0	10721	1	7	5	5	1
4	0	10722	1	4	3	3	1
4	0	10723	1	7	5	5	1
4	0	10724	1	5	2	6	-1
4	0	10725	1	7	5	5	1
4	0	10726	2	1	1	1	-1
4	0	10727	1	5	3	6	-1
4	0	10728	1	6	5	5	1
4	0	10729	2	2	5	5	-1
4	0	10730	1	10	5	4	1
4	0	10731	1	8	5	5	1
4	0	10732	1	9	5	5	1
4	0	10733	1	10	5	4	1
4	0	10734	1	5	3	6	-1
4	0	10735	1	10	5	4	1
4	0	10736	1	9	5	5	1
4	0	10737	1	10	5	4	1
4	0	10738	1	9	5	5	1
4	0	10739	1	9	4	4	1
4	0	10740	1	7	4	4	1
4	0	10741	1	8	5	5	1
4	0	10742	1	5	4	6	1
4	0	10743	1	10	5	4	1
4	0	10744	1	1	5	5	1
4	0	10745	1	1	2	2	1
4	0	10746	2	1	2	2	-1
4	0	10747	1	7	5	5	1
4	0	10748	2	1	1	1	-1
4	0	10749	1	1	1	1	-1
4	0	10750	1	7	5	5	1
4	0	10751	1	8	5	5	1
4	0	10752	1	9	5	5	1
4	0	10753	1	6	5	5	1
4	0	10754	1	1	1	1	-1
4	0	10755	1	8	5	5	1
4	0	10756	1	3	5	5	1
4	0	10757	1	8	5	5	1
